condition,metric,mean,low,high,mcse,n
baseline_observed,loss,0.13442683656310167,0.1316209221333567,0.13723275099284665,0.0013719312354670578,30
baseline_observed,represented_population_share,0.2602866666666667,0.25283337429631964,0.2677399590370138,0.0036442325188358955,30
baseline_observed,representation_js_divergence,0.5515248776486099,0.5436486012389571,0.5594011540582627,0.0038510474556977554,30
baseline_observed,representation_total_variation,0.7397133333333333,0.7322600409629862,0.7471666257036804,0.0036442325188358886,30
baseline_observed,demagogue_fraction,0.011066666666666667,0.0014912808808687263,0.02064205245246461,0.004681814495810366,30
baseline_observed,final_record_weight,0.867336401382906,0.8541668663623636,0.8805059364034484,0.006439147345238729,30
baseline_observed,final_lottery_weight,0.13266359861709381,0.11949406359655146,0.14583313363763617,0.006439147345238731,30
baseline_observed,effective_record_weight,0.8673812780563336,0.8542035293969323,0.8805590267157348,0.006443163343584167,30
baseline_observed,effective_lottery_weight,0.1326187219436663,0.1194409732842651,0.1457964706030675,0.006443163343584167,30
baseline_observed,effective_input_count,6.110903371348845,5.9955983012258764,6.226208441471814,0.05637756648330823,30
baseline_observed,lottery_seat_share,0.5,0.5,0.5,0.0,30
record_00_equal,loss,0.8106534972769821,0.7646972047089208,0.8566097898450434,0.02246999144807009,30
record_00_equal,represented_population_share,0.31500000000000006,0.30454140964773896,0.32545859035226116,0.005113650876561316,30
record_00_equal,representation_js_divergence,0.48235451105455557,0.471494591348353,0.49321443076075816,0.005309877914187763,30
record_00_equal,representation_total_variation,0.6850000000000003,0.6745414096477392,0.6954585903522613,0.005113650876561315,30
record_00_equal,demagogue_fraction,0.020133333333333333,0.007515881333374084,0.03275078533329258,0.006169210410427139,30
record_00_equal,final_record_weight,0.0,0.0,0.0,0.0,30
record_00_equal,final_lottery_weight,1.0,1.0,1.0,0.0,30
record_00_equal,effective_record_weight,0.0,0.0,0.0,0.0,30
record_00_equal,effective_lottery_weight,1.0,1.0,1.0,0.0,30
record_00_equal,effective_input_count,9.999999999999998,9.999999999999998,9.999999999999998,0.0,30
record_00_equal,lottery_seat_share,1.0,1.0,1.0,0.0,30
record_00_score,loss,0.2674584804247881,0.25294909088009576,0.2819678699694804,0.00709425936618168,30
record_00_score,represented_population_share,0.31500000000000006,0.30454140964773896,0.32545859035226116,0.005113650876561316,30
record_00_score,representation_js_divergence,0.48235451105455557,0.471494591348353,0.49321443076075816,0.005309877914187763,30
record_00_score,representation_total_variation,0.6850000000000003,0.6745414096477392,0.6954585903522613,0.005113650876561315,30
record_00_score,demagogue_fraction,0.020133333333333333,0.007515881333374084,0.03275078533329258,0.006169210410427139,30
record_00_score,final_record_weight,0.0,0.0,0.0,0.0,30
record_00_score,final_lottery_weight,1.0,1.0,1.0,0.0,30
record_00_score,effective_record_weight,0.0,0.0,0.0,0.0,30
record_00_score,effective_lottery_weight,1.0,1.0,1.0,0.0,30
record_00_score,effective_input_count,3.56846746823404,3.3917539455081465,3.7451809909599336,0.08640277799886667,30
record_00_score,lottery_seat_share,1.0,1.0,1.0,0.0,30
record_02_equal,loss,0.6988945755105712,0.6521671155711938,0.7456220354499487,0.02284704806578662,30
record_02_equal,represented_population_share,0.29818000000000006,0.2892749073302966,0.3070850926697035,0.004354079603705276,30
record_02_equal,representation_js_divergence,0.5030348072582453,0.4936188787940084,0.5124507357224822,0.004603849010528858,30
record_02_equal,representation_total_variation,0.70182,0.6929149073302966,0.7107250926697034,0.004354079603705273,30
record_02_equal,demagogue_fraction,0.01693333333333333,0.004726800995609836,0.02913986567105683,0.005968294262054061,30
record_02_equal,final_record_weight,0.20000000000000004,0.2,0.20000000000000007,1.0308162000485891e-17,30
record_02_equal,final_lottery_weight,0.8000000000000002,0.8,0.8000000000000003,4.1232648001943564e-17,30
record_02_equal,effective_record_weight,0.20000000000000004,0.2,0.20000000000000007,1.0308162000485891e-17,30
record_02_equal,effective_lottery_weight,0.8000000000000002,0.8,0.8000000000000003,4.1232648001943564e-17,30
record_02_equal,effective_input_count,9.999999999999998,9.999999999999998,9.999999999999998,0.0,30
record_02_equal,lottery_seat_share,0.8000000000000002,0.8,0.8000000000000003,4.1232648001943564e-17,30
record_02_score,loss,0.1976612336964174,0.18981160005511033,0.20551086733772445,0.003838020669953567,30
record_02_score,represented_population_share,0.29818000000000006,0.2892749073302966,0.3070850926697035,0.004354079603705276,30
record_02_score,representation_js_divergence,0.5030348072582453,0.4936188787940084,0.5124507357224822,0.004603849010528858,30
record_02_score,representation_total_variation,0.70182,0.6929149073302966,0.7107250926697034,0.004354079603705273,30
record_02_score,demagogue_fraction,0.01693333333333333,0.004726800995609836,0.02913986567105683,0.005968294262054061,30
record_02_score,final_record_weight,0.5486912029147605,0.5277054435482293,0.5696769622812916,0.01026083278582241,30
record_02_score,final_lottery_weight,0.45130879708523947,0.4303230377187084,0.47229455645177054,0.01026083278582241,30
record_02_score,effective_record_weight,0.5486912029147605,0.5277054435482293,0.5696769622812916,0.01026083278582241,30
record_02_score,effective_lottery_weight,0.45130879708523947,0.4303230377187084,0.47229455645177054,0.01026083278582241,30
record_02_score,effective_input_count,4.403172709638494,4.225642509010772,4.580702910266217,0.08680208665595106,30
record_02_score,lottery_seat_share,0.8000000000000002,0.8,0.8000000000000003,4.1232648001943564e-17,30
record_05_equal,loss,0.49553885135585085,0.4614783112079044,0.5295993915037973,0.01665365074233382,30
record_05_equal,represented_population_share,0.2602866666666667,0.25283337429631964,0.2677399590370138,0.0036442325188358955,30
record_05_equal,representation_js_divergence,0.5515248776486099,0.5436486012389571,0.5594011540582627,0.0038510474556977554,30
record_05_equal,representation_total_variation,0.7397133333333333,0.7322600409629862,0.7471666257036804,0.0036442325188358886,30
record_05_equal,demagogue_fraction,0.011066666666666667,0.0014912808808687263,0.02064205245246461,0.004681814495810366,30
record_05_equal,final_record_weight,0.5,0.5,0.5,0.0,30
record_05_equal,final_lottery_weight,0.5,0.5,0.5,0.0,30
record_05_equal,effective_record_weight,0.5,0.5,0.5,0.0,30
record_05_equal,effective_lottery_weight,0.5,0.5,0.5,0.0,30
record_05_equal,effective_input_count,9.999999999999998,9.999999999999998,9.999999999999998,0.0,30
record_05_equal,lottery_seat_share,0.5,0.5,0.5,0.0,30
record_05_score,loss,0.13423989914431753,0.1314573465848066,0.13702245170382846,0.0013605086207382376,30
record_05_score,represented_population_share,0.2602866666666667,0.25283337429631964,0.2677399590370138,0.0036442325188358955,30
record_05_score,representation_js_divergence,0.5515248776486099,0.5436486012389571,0.5594011540582627,0.0038510474556977554,30
record_05_score,representation_total_variation,0.7397133333333333,0.7322600409629862,0.7471666257036804,0.0036442325188358886,30
record_05_score,demagogue_fraction,0.011066666666666667,0.0014912808808687263,0.02064205245246461,0.004681814495810366,30
record_05_score,final_record_weight,0.867336401382906,0.8541668663623636,0.8805059364034484,0.006439147345238729,30
record_05_score,final_lottery_weight,0.13266359861709381,0.11949406359655146,0.14583313363763617,0.006439147345238731,30
record_05_score,effective_record_weight,0.867336401382906,0.8541668663623636,0.8805059364034484,0.006439147345238729,30
record_05_score,effective_lottery_weight,0.13266359861709381,0.11949406359655146,0.14583313363763617,0.006439147345238731,30
record_05_score,effective_input_count,6.110660711020691,5.995176105997084,6.226145316044299,0.05646534875329878,30
record_05_score,lottery_seat_share,0.5,0.5,0.5,0.0,30
record_08_equal,loss,0.2643113225038723,0.23750115621680692,0.2911214887909377,0.013108633737142853,30
record_08_equal,represented_population_share,0.19990666666666668,0.19420291509535367,0.20561041823797968,0.002788807405199402,30
record_08_equal,representation_js_divergence,0.6286516007345321,0.6224264154647073,0.6348767860043568,0.003043758579272956,30
record_08_equal,representation_total_variation,0.8000933333333333,0.7943895817620203,0.8057970849046463,0.0027888074051993996,30
record_08_equal,demagogue_fraction,0.004133333333333334,0.0008344306533326906,0.007432236013333978,0.0016129742167049013,30
record_08_equal,final_record_weight,0.8000000000000002,0.8,0.8000000000000003,4.1232648001943564e-17,30
record_08_equal,final_lottery_weight,0.20000000000000004,0.2,0.20000000000000007,1.0308162000485891e-17,30
record_08_equal,effective_record_weight,0.8000000000000002,0.8,0.8000000000000003,4.1232648001943564e-17,30
record_08_equal,effective_lottery_weight,0.20000000000000004,0.2,0.20000000000000007,1.0308162000485891e-17,30
record_08_equal,effective_input_count,9.999999999999998,9.999999999999998,9.999999999999998,0.0,30
record_08_equal,lottery_seat_share,0.20000000000000004,0.2,0.20000000000000007,1.0308162000485891e-17,30
record_08_score,loss,0.10043432326749514,0.0985775072067945,0.10229113932819578,0.0009078765642983734,30
record_08_score,represented_population_share,0.19990666666666668,0.19420291509535367,0.20561041823797968,0.002788807405199402,30
record_08_score,representation_js_divergence,0.6286516007345321,0.6224264154647073,0.6348767860043568,0.003043758579272956,30
record_08_score,representation_total_variation,0.8000933333333333,0.7943895817620203,0.8057970849046463,0.0027888074051993996,30
record_08_score,demagogue_fraction,0.004133333333333334,0.0008344306533326906,0.007432236013333978,0.0016129742167049013,30
record_08_score,final_record_weight,0.9748152571879276,0.9703995633146676,0.9792309510611876,0.0021590210616424747,30
record_08_score,final_lottery_weight,0.025184742812072447,0.020769048938812443,0.02960043668533245,0.0021590210616424734,30
record_08_score,effective_record_weight,0.9748152571879276,0.9703995633146676,0.9792309510611876,0.0021590210616424747,30
record_08_score,effective_lottery_weight,0.025184742812072447,0.020769048938812443,0.02960043668533245,0.0021590210616424734,30
record_08_score,effective_input_count,8.24463254336457,8.183615630275176,8.305649456453965,0.029833771148440838,30
record_08_score,lottery_seat_share,0.20000000000000004,0.2,0.20000000000000007,1.0308162000485891e-17,30
record_10_equal,loss,0.09369904461333732,0.09157843115523986,0.09581965807143478,0.001036858362705004,30
record_10_equal,represented_population_share,0.13378000000000004,0.13181110677819685,0.13574889322180322,0.0009626758683929954,30
record_10_equal,representation_js_divergence,0.7085210322068173,0.7055957335353327,0.7114463308783019,0.0014303032829282565,30
record_10_equal,representation_total_variation,0.86622,0.8642511067781968,0.8681888932218031,0.0009626758683929991,30
record_10_equal,demagogue_fraction,0.0012666666666666668,0.0007301601630032644,0.0018031731703300692,0.00026232091135934717,30
record_10_equal,final_record_weight,1.0,1.0,1.0,0.0,30
record_10_equal,final_lottery_weight,0.0,0.0,0.0,0.0,30
record_10_equal,effective_record_weight,1.0,1.0,1.0,0.0,30
record_10_equal,effective_lottery_weight,0.0,0.0,0.0,0.0,30
record_10_equal,effective_input_count,9.999999999999998,9.999999999999998,9.999999999999998,0.0,30
record_10_equal,lottery_seat_share,0.0,0.0,0.0,0.0,30
record_10_score,loss,0.08477525221640361,0.08334447668051773,0.0862060277522895,0.0006995671813136413,30
record_10_score,represented_population_share,0.13378000000000004,0.13181110677819685,0.13574889322180322,0.0009626758683929954,30
record_10_score,representation_js_divergence,0.7085210322068173,0.7055957335353327,0.7114463308783019,0.0014303032829282565,30
record_10_score,representation_total_variation,0.86622,0.8642511067781968,0.8681888932218031,0.0009626758683929991,30
record_10_score,demagogue_fraction,0.0012666666666666668,0.0007301601630032644,0.0018031731703300692,0.00026232091135934717,30
record_10_score,final_record_weight,1.0,1.0,1.0,0.0,30
record_10_score,final_lottery_weight,0.0,0.0,0.0,0.0,30
record_10_score,effective_record_weight,1.0,1.0,1.0,0.0,30
record_10_score,effective_lottery_weight,0.0,0.0,0.0,0.0,30
record_10_score,effective_input_count,9.882608454191153,9.876451900783145,9.888765007599162,0.0030102015349178874,30
record_10_score,lottery_seat_share,0.0,0.0,0.0,0.0,30
