first,second,metric,mean,low,high,mcse,n
record_00_equal,baseline_observed,loss,0.6762266607138803,0.6317843813241629,0.7206689401035976,0.02172972583331733,30
record_00_equal,baseline_observed,represented_population_share,0.05471333333333333,0.04967391270818056,0.059752753958486095,0.0024639876722585574,30
record_00_equal,baseline_observed,representation_js_divergence,-0.06917036659405437,-0.07463177847884654,-0.0637089547092622,0.002670317196800046,30
record_00_equal,baseline_observed,representation_total_variation,-0.05471333333333333,-0.059752753958486095,-0.04967391270818056,0.002463987672258559,30
record_00_equal,baseline_observed,demagogue_fraction,0.009066666666666667,0.002837705379470471,0.015295627953862863,0.0030456048352109854,30
record_00_equal,baseline_observed,final_record_weight,-0.867336401382906,-0.8805059364034484,-0.8541668663623636,0.006439147345238729,30
record_00_equal,baseline_observed,final_lottery_weight,0.867336401382906,0.8541668663623636,0.8805059364034484,0.006439147345238731,30
record_00_equal,baseline_observed,effective_record_weight,-0.8673812780563336,-0.8805590267157348,-0.8542035293969323,0.006443163343584167,30
record_00_equal,baseline_observed,effective_lottery_weight,0.8673812780563338,0.8542035293969326,0.880559026715735,0.006443163343584167,30
record_00_equal,baseline_observed,effective_input_count,3.8890966286511537,3.7737915585281843,4.004401698774123,0.05637756648330823,30
record_00_equal,baseline_observed,lottery_seat_share,0.5,0.5,0.5,0.0,30
record_00_score,baseline_observed,loss,0.13303164386168645,0.11923502762575688,0.14682826009761601,0.006745754096123342,30
record_00_score,baseline_observed,represented_population_share,0.05471333333333333,0.04967391270818056,0.059752753958486095,0.0024639876722585574,30
record_00_score,baseline_observed,representation_js_divergence,-0.06917036659405437,-0.07463177847884654,-0.0637089547092622,0.002670317196800046,30
record_00_score,baseline_observed,representation_total_variation,-0.05471333333333333,-0.059752753958486095,-0.04967391270818056,0.002463987672258559,30
record_00_score,baseline_observed,demagogue_fraction,0.009066666666666667,0.002837705379470471,0.015295627953862863,0.0030456048352109854,30
record_00_score,baseline_observed,final_record_weight,-0.867336401382906,-0.8805059364034484,-0.8541668663623636,0.006439147345238729,30
record_00_score,baseline_observed,final_lottery_weight,0.867336401382906,0.8541668663623636,0.8805059364034484,0.006439147345238731,30
record_00_score,baseline_observed,effective_record_weight,-0.8673812780563336,-0.8805590267157348,-0.8542035293969323,0.006443163343584167,30
record_00_score,baseline_observed,effective_lottery_weight,0.8673812780563338,0.8542035293969326,0.880559026715735,0.006443163343584167,30
record_00_score,baseline_observed,effective_input_count,-2.542435903114804,-2.6838580555291633,-2.4010137507004448,0.06914732189529993,30
record_00_score,baseline_observed,lottery_seat_share,0.5,0.5,0.5,0.0,30
record_02_equal,baseline_observed,loss,0.5644677389474695,0.5197072080884573,0.6092282698064817,0.02188533254991222,30
record_02_equal,baseline_observed,represented_population_share,0.03789333333333333,0.03495648576609942,0.04083018090056723,0.0014359500306143852,30
record_02_equal,baseline_observed,representation_js_divergence,-0.04849007039036454,-0.05186206934911476,-0.04511807143161432,0.0016487141049031525,30
record_02_equal,baseline_observed,representation_total_variation,-0.03789333333333335,-0.04083018090056724,-0.03495648576609946,0.0014359500306143794,30
record_02_equal,baseline_observed,demagogue_fraction,0.005866666666666664,0.0010789737737676953,0.010654359559565632,0.002340907247905182,30
record_02_equal,baseline_observed,final_record_weight,-0.6673364013829062,-0.6805059364034486,-0.6541668663623638,0.006439147345238731,30
record_02_equal,baseline_observed,final_lottery_weight,0.667336401382906,0.6541668663623635,0.6805059364034484,0.006439147345238731,30
record_02_equal,baseline_observed,effective_record_weight,-0.6673812780563337,-0.680559026715735,-0.6542035293969325,0.006443163343584167,30
record_02_equal,baseline_observed,effective_lottery_weight,0.6673812780563337,0.6542035293969325,0.680559026715735,0.006443163343584166,30
record_02_equal,baseline_observed,effective_input_count,3.8890966286511537,3.7737915585281843,4.004401698774123,0.05637756648330823,30
record_02_equal,baseline_observed,lottery_seat_share,0.3,0.3,0.3,1.0308162000485891e-17,30
record_02_score,baseline_observed,loss,0.06323439713331577,0.0572485674016327,0.06922022686499885,0.00292672744828851,30
record_02_score,baseline_observed,represented_population_share,0.03789333333333333,0.03495648576609942,0.04083018090056723,0.0014359500306143852,30
record_02_score,baseline_observed,representation_js_divergence,-0.04849007039036454,-0.05186206934911476,-0.04511807143161432,0.0016487141049031525,30
record_02_score,baseline_observed,representation_total_variation,-0.03789333333333335,-0.04083018090056724,-0.03495648576609946,0.0014359500306143794,30
record_02_score,baseline_observed,demagogue_fraction,0.005866666666666664,0.0010789737737676953,0.010654359559565632,0.002340907247905182,30
record_02_score,baseline_observed,final_record_weight,-0.31864519846814565,-0.33018505594820785,-0.30710534098808345,0.00564232849081376,30
record_02_score,baseline_observed,final_lottery_weight,0.31864519846814565,0.30710534098808345,0.33018505594820785,0.00564232849081376,30
record_02_score,baseline_observed,effective_record_weight,-0.3186900751415731,-0.3302179850280805,-0.30716216525506573,0.00563648680276627,30
record_02_score,baseline_observed,effective_lottery_weight,0.31869007514157316,0.3071621652550658,0.33021798502808053,0.005636486802766273,30
record_02_score,baseline_observed,effective_input_count,-1.7077306617103498,-1.8020520228240957,-1.613409300596604,0.0461177362046202,30
record_02_score,baseline_observed,lottery_seat_share,0.3,0.3,0.3,1.0308162000485891e-17,30
record_05_equal,baseline_observed,loss,0.36111201479274924,0.3290525713893914,0.39317145819610705,0.01567522919818784,30
record_05_equal,baseline_observed,represented_population_share,0.0,0.0,0.0,0.0,30
record_05_equal,baseline_observed,representation_js_divergence,0.0,0.0,0.0,0.0,30
record_05_equal,baseline_observed,representation_total_variation,0.0,0.0,0.0,0.0,30
record_05_equal,baseline_observed,demagogue_fraction,0.0,0.0,0.0,0.0,30
record_05_equal,baseline_observed,final_record_weight,-0.36733640138290613,-0.3805059364034485,-0.3541668663623638,0.006439147345238731,30
record_05_equal,baseline_observed,final_lottery_weight,0.3673364013829062,0.35416686636236383,0.38050593640344854,0.006439147345238731,30
record_05_equal,baseline_observed,effective_record_weight,-0.36738127805633364,-0.3805590267157348,-0.35420352939693245,0.006443163343584167,30
record_05_equal,baseline_observed,effective_lottery_weight,0.3673812780563337,0.3542035293969325,0.3805590267157349,0.006443163343584167,30
record_05_equal,baseline_observed,effective_input_count,3.8890966286511537,3.7737915585281843,4.004401698774123,0.05637756648330823,30
record_05_equal,baseline_observed,lottery_seat_share,0.0,0.0,0.0,0.0,30
record_05_score,baseline_observed,loss,-0.0001869374187841106,-0.0002650390178839567,-0.00010883581968426451,3.818720279176284e-05,30
record_05_score,baseline_observed,represented_population_share,0.0,0.0,0.0,0.0,30
record_05_score,baseline_observed,representation_js_divergence,0.0,0.0,0.0,0.0,30
record_05_score,baseline_observed,representation_total_variation,0.0,0.0,0.0,0.0,30
record_05_score,baseline_observed,demagogue_fraction,0.0,0.0,0.0,0.0,30
record_05_score,baseline_observed,final_record_weight,0.0,0.0,0.0,0.0,30
record_05_score,baseline_observed,final_lottery_weight,0.0,0.0,0.0,0.0,30
record_05_score,baseline_observed,effective_record_weight,-4.4876673427492646e-05,-9.92361961989245e-05,9.482849343939203e-06,2.6578689087816747e-05,30
record_05_score,baseline_observed,effective_lottery_weight,4.4876673427537986e-05,-9.482849343892765e-06,9.923619619896874e-05,2.6578689087816212e-05,30
record_05_score,baseline_observed,effective_input_count,-0.0002426603281534767,-0.0006560520659227803,0.00017073140961582694,0.0002021248515341442,30
record_05_score,baseline_observed,lottery_seat_share,0.0,0.0,0.0,0.0,30
record_08_equal,baseline_observed,loss,0.12988448594077062,0.10363415345825515,0.1561348184232861,0.012834907113483071,30
record_08_equal,baseline_observed,represented_population_share,-0.06038000000000004,-0.06373858583784904,-0.057021414162151035,0.0016421558580320466,30
record_08_equal,baseline_observed,representation_js_divergence,0.07712672308592222,0.07340153857478175,0.08085190759706269,0.0018214015846435526,30
record_08_equal,baseline_observed,representation_total_variation,0.060379999999999996,0.057021414162150987,0.063738585837849,0.001642155858032048,30
record_08_equal,baseline_observed,demagogue_fraction,-0.006933333333333332,-0.01360937741896753,-0.0002572892476991346,0.0032642026832119544,30
record_08_equal,baseline_observed,final_record_weight,-0.06733640138290621,-0.08050593640344857,-0.054166866362363855,0.006439147345238731,30
record_08_equal,baseline_observed,final_lottery_weight,0.06733640138290614,0.054166866362363786,0.0805059364034485,0.006439147345238731,30
record_08_equal,baseline_observed,effective_record_weight,-0.0673812780563337,-0.08055902671573491,-0.0542035293969325,0.006443163343584167,30
record_08_equal,baseline_observed,effective_lottery_weight,0.06738127805633369,0.05420352939693249,0.0805590267157349,0.006443163343584169,30
record_08_equal,baseline_observed,effective_input_count,3.8890966286511537,3.7737915585281843,4.004401698774123,0.05637756648330823,30
record_08_equal,baseline_observed,lottery_seat_share,-0.3000000000000001,-0.3000000000000001,-0.3000000000000001,1.0308162000485891e-17,30
record_08_score,baseline_observed,loss,-0.03399251329560649,-0.036554774893237274,-0.03143025169797571,0.0012527989741821538,30
record_08_score,baseline_observed,represented_population_share,-0.06038000000000004,-0.06373858583784904,-0.057021414162151035,0.0016421558580320466,30
record_08_score,baseline_observed,representation_js_divergence,0.07712672308592222,0.07340153857478175,0.08085190759706269,0.0018214015846435526,30
record_08_score,baseline_observed,representation_total_variation,0.060379999999999996,0.057021414162150987,0.063738585837849,0.001642155858032048,30
record_08_score,baseline_observed,demagogue_fraction,-0.006933333333333332,-0.01360937741896753,-0.0002572892476991346,0.0032642026832119544,30
record_08_score,baseline_observed,final_record_weight,0.10747885580502145,0.09466995947902175,0.12028775213102115,0.0062628157064274536,30
record_08_score,baseline_observed,final_lottery_weight,-0.1074788558050214,-0.12028775213102111,-0.09466995947902168,0.006262815706427458,30
record_08_score,baseline_observed,effective_record_weight,0.10743397913159396,0.09461371869298327,0.12025423957020465,0.006268372105756352,30
record_08_score,baseline_observed,effective_lottery_weight,-0.10743397913159387,-0.12025423957020458,-0.09461371869298317,0.006268372105756359,30
record_08_score,baseline_observed,effective_input_count,2.133729172015727,2.021049583578612,2.246408760452842,0.05509385651169029,30
record_08_score,baseline_observed,lottery_seat_share,-0.3000000000000001,-0.3000000000000001,-0.3000000000000001,1.0308162000485891e-17,30
record_10_equal,baseline_observed,loss,-0.0407277919497643,-0.043563619934511,-0.0378919639650176,0.0013865572483046857,30
record_10_equal,baseline_observed,represented_population_share,-0.12650666666666668,-0.133073395840691,-0.11993993749264237,0.003210753960702782,30
record_10_equal,baseline_observed,representation_js_divergence,0.15699615455820734,0.1504905403490291,0.1635017687673856,0.0031808722478686444,30
record_10_equal,baseline_observed,representation_total_variation,0.12650666666666666,0.11993993749264238,0.13307339584069094,0.003210753960702766,30
record_10_equal,baseline_observed,demagogue_fraction,-0.0098,-0.019332340928133938,-0.00026765907186606167,0.004660768029058048,30
record_10_equal,baseline_observed,final_record_weight,0.13266359861709384,0.11949406359655149,0.1458331336376362,0.006439147345238731,30
record_10_equal,baseline_observed,final_lottery_weight,-0.13266359861709381,-0.14583313363763617,-0.11949406359655146,0.006439147345238731,30
record_10_equal,baseline_observed,effective_record_weight,0.1326187219436664,0.11944097328426519,0.14579647060306758,0.006443163343584167,30
record_10_equal,baseline_observed,effective_lottery_weight,-0.1326187219436663,-0.1457964706030675,-0.1194409732842651,0.006443163343584167,30
record_10_equal,baseline_observed,effective_input_count,3.8890966286511537,3.7737915585281843,4.004401698774123,0.05637756648330823,30
record_10_equal,baseline_observed,lottery_seat_share,-0.5,-0.5,-0.5,0.0,30
record_10_score,baseline_observed,loss,-0.04965158434669803,-0.052535018886230474,-0.046768149807165586,0.0014098341233337904,30
record_10_score,baseline_observed,represented_population_share,-0.12650666666666668,-0.133073395840691,-0.11993993749264237,0.003210753960702782,30
record_10_score,baseline_observed,representation_js_divergence,0.15699615455820734,0.1504905403490291,0.1635017687673856,0.0031808722478686444,30
record_10_score,baseline_observed,representation_total_variation,0.12650666666666666,0.11993993749264238,0.13307339584069094,0.003210753960702766,30
record_10_score,baseline_observed,demagogue_fraction,-0.0098,-0.019332340928133938,-0.00026765907186606167,0.004660768029058048,30
record_10_score,baseline_observed,final_record_weight,0.13266359861709384,0.11949406359655149,0.1458331336376362,0.006439147345238731,30
record_10_score,baseline_observed,final_lottery_weight,-0.13266359861709381,-0.14583313363763617,-0.11949406359655146,0.006439147345238731,30
record_10_score,baseline_observed,effective_record_weight,0.1326187219436664,0.11944097328426519,0.14579647060306758,0.006443163343584167,30
record_10_score,baseline_observed,effective_lottery_weight,-0.1326187219436663,-0.1457964706030675,-0.1194409732842651,0.006443163343584167,30
record_10_score,baseline_observed,effective_input_count,3.771705082842313,3.6573335067873898,3.886076658897236,0.05592114142041275,30
record_10_score,baseline_observed,lottery_seat_share,-0.5,-0.5,-0.5,0.0,30
record_00_score,record_00_equal,loss,-0.5431950168521936,-0.5811285298039763,-0.5052615039004109,0.018547312326368772,30
record_00_score,record_00_equal,represented_population_share,0.0,0.0,0.0,0.0,30
record_00_score,record_00_equal,representation_js_divergence,0.0,0.0,0.0,0.0,30
record_00_score,record_00_equal,representation_total_variation,0.0,0.0,0.0,0.0,30
record_00_score,record_00_equal,demagogue_fraction,0.0,0.0,0.0,0.0,30
record_00_score,record_00_equal,final_record_weight,0.0,0.0,0.0,0.0,30
record_00_score,record_00_equal,final_lottery_weight,0.0,0.0,0.0,0.0,30
record_00_score,record_00_equal,effective_record_weight,0.0,0.0,0.0,0.0,30
record_00_score,record_00_equal,effective_lottery_weight,0.0,0.0,0.0,0.0,30
record_00_score,record_00_equal,effective_input_count,-6.431532531765957,-6.60824605449185,-6.254819009040064,0.08640277799886667,30
record_00_score,record_00_equal,lottery_seat_share,0.0,0.0,0.0,0.0,30
record_02_score,record_02_equal,loss,-0.5012333418141537,-0.5428535359127663,-0.45961314771554107,0.020349887974052808,30
record_02_score,record_02_equal,represented_population_share,0.0,0.0,0.0,0.0,30
record_02_score,record_02_equal,representation_js_divergence,0.0,0.0,0.0,0.0,30
record_02_score,record_02_equal,representation_total_variation,0.0,0.0,0.0,0.0,30
record_02_score,record_02_equal,demagogue_fraction,0.0,0.0,0.0,0.0,30
record_02_score,record_02_equal,final_record_weight,0.3486912029147606,0.3277054435482295,0.36967696228129165,0.010260832785822413,30
record_02_score,record_02_equal,final_lottery_weight,-0.34869120291476047,-0.36967696228129154,-0.3277054435482294,0.01026083278582241,30
record_02_score,record_02_equal,effective_record_weight,0.3486912029147606,0.3277054435482295,0.36967696228129165,0.010260832785822413,30
record_02_score,record_02_equal,effective_lottery_weight,-0.34869120291476047,-0.36967696228129154,-0.3277054435482294,0.01026083278582241,30
record_02_score,record_02_equal,effective_input_count,-5.596827290361503,-5.7743574909892255,-5.419297089733781,0.08680208665595107,30
record_02_score,record_02_equal,lottery_seat_share,0.0,0.0,0.0,0.0,30
record_05_score,record_05_equal,loss,-0.36129895221153335,-0.39337358556611524,-0.32922431885695147,0.015682656213184654,30
record_05_score,record_05_equal,represented_population_share,0.0,0.0,0.0,0.0,30
record_05_score,record_05_equal,representation_js_divergence,0.0,0.0,0.0,0.0,30
record_05_score,record_05_equal,representation_total_variation,0.0,0.0,0.0,0.0,30
record_05_score,record_05_equal,demagogue_fraction,0.0,0.0,0.0,0.0,30
record_05_score,record_05_equal,final_record_weight,0.36733640138290613,0.3541668663623638,0.3805059364034485,0.006439147345238731,30
record_05_score,record_05_equal,final_lottery_weight,-0.3673364013829062,-0.38050593640344854,-0.35416686636236383,0.006439147345238731,30
record_05_score,record_05_equal,effective_record_weight,0.36733640138290613,0.3541668663623638,0.3805059364034485,0.006439147345238731,30
record_05_score,record_05_equal,effective_lottery_weight,-0.3673364013829062,-0.38050593640344854,-0.35416686636236383,0.006439147345238731,30
record_05_score,record_05_equal,effective_input_count,-3.8893392889793073,-4.004823894002915,-3.7738546839556997,0.05646534875329879,30
record_05_score,record_05_equal,lottery_seat_share,0.0,0.0,0.0,0.0,30
record_08_score,record_08_equal,loss,-0.16387699923637708,-0.190010670856524,-0.13774332761623015,0.012777866642347072,30
record_08_score,record_08_equal,represented_population_share,0.0,0.0,0.0,0.0,30
record_08_score,record_08_equal,representation_js_divergence,0.0,0.0,0.0,0.0,30
record_08_score,record_08_equal,representation_total_variation,0.0,0.0,0.0,0.0,30
record_08_score,record_08_equal,demagogue_fraction,0.0,0.0,0.0,0.0,30
record_08_score,record_08_equal,final_record_weight,0.17481525718792765,0.17039956331466763,0.17923095106118767,0.0021590210616424747,30
record_08_score,record_08_equal,final_lottery_weight,-0.17481525718792754,-0.17923095106118755,-0.17039956331466752,0.002159021061642473,30
record_08_score,record_08_equal,effective_record_weight,0.17481525718792765,0.17039956331466763,0.17923095106118767,0.0021590210616424747,30
record_08_score,record_08_equal,effective_lottery_weight,-0.17481525718792754,-0.17923095106118755,-0.17039956331466752,0.002159021061642473,30
record_08_score,record_08_equal,effective_input_count,-1.7553674566354265,-1.8163843697248212,-1.6943505435460318,0.029833771148440845,30
record_08_score,record_08_equal,lottery_seat_share,0.0,0.0,0.0,0.0,30
record_10_score,record_10_equal,loss,-0.008923792396933725,-0.010186172014677888,-0.007661412779189562,0.0006172312349374086,30
record_10_score,record_10_equal,represented_population_share,0.0,0.0,0.0,0.0,30
record_10_score,record_10_equal,representation_js_divergence,0.0,0.0,0.0,0.0,30
record_10_score,record_10_equal,representation_total_variation,0.0,0.0,0.0,0.0,30
record_10_score,record_10_equal,demagogue_fraction,0.0,0.0,0.0,0.0,30
record_10_score,record_10_equal,final_record_weight,0.0,0.0,0.0,0.0,30
record_10_score,record_10_equal,final_lottery_weight,0.0,0.0,0.0,0.0,30
record_10_score,record_10_equal,effective_record_weight,0.0,0.0,0.0,0.0,30
record_10_score,record_10_equal,effective_lottery_weight,0.0,0.0,0.0,0.0,30
record_10_score,record_10_equal,effective_input_count,-0.11739154580884073,-0.12354809921684816,-0.1112349924008333,0.0030102015349178874,30
record_10_score,record_10_equal,lottery_seat_share,0.0,0.0,0.0,0.0,30
record_00_score,record_10_score,loss,0.18268322820838448,0.16874571012417783,0.19662074629259113,0.0068146470191352325,30
record_00_score,record_10_score,represented_population_share,0.18122000000000002,0.1718208739167804,0.19061912608321965,0.004595633609836848,30
record_00_score,record_10_score,representation_js_divergence,-0.22616652115226168,-0.23551276056841952,-0.21682028173610385,0.0045697750627219855,30
record_00_score,record_10_score,representation_total_variation,-0.18122000000000002,-0.19061912608321965,-0.1718208739167804,0.00459563360983684,30
record_00_score,record_10_score,demagogue_fraction,0.018866666666666664,0.0062206674688662575,0.03151266586446707,0.006183168352974553,30
record_00_score,record_10_score,final_record_weight,-1.0,-1.0,-1.0,0.0,30
record_00_score,record_10_score,final_lottery_weight,1.0,1.0,1.0,0.0,30
record_00_score,record_10_score,effective_record_weight,-1.0,-1.0,-1.0,0.0,30
record_00_score,record_10_score,effective_lottery_weight,1.0,1.0,1.0,0.0,30
record_00_score,record_10_score,effective_input_count,-6.314140985957116,-6.48911874826263,-6.139163223651602,0.08555409070008033,30
record_00_score,record_10_score,lottery_seat_share,1.0,1.0,1.0,0.0,30
record_02_score,record_10_score,loss,0.11288598148001382,0.10523793705232123,0.1205340259077064,0.0037394551057442315,30
record_02_score,record_10_score,represented_population_share,0.16440000000000005,0.1564809722426575,0.1723190277573426,0.0038719504129056197,30
record_02_score,record_10_score,representation_js_divergence,-0.20548622494857183,-0.21347780516399983,-0.19749464473314382,0.003907424403987533,30
record_02_score,record_10_score,representation_total_variation,-0.16440000000000005,-0.17231902775734256,-0.15648097224265753,0.0038719504129056063,30
record_02_score,record_10_score,demagogue_fraction,0.015666666666666662,0.0034769255007576216,0.027856407832575703,0.005960084342019386,30
record_02_score,record_10_score,final_record_weight,-0.45130879708523947,-0.47229455645177054,-0.4303230377187084,0.010260832785822412,30
record_02_score,record_10_score,final_lottery_weight,0.45130879708523947,0.4303230377187084,0.47229455645177054,0.01026083278582241,30
record_02_score,record_10_score,effective_record_weight,-0.45130879708523947,-0.47229455645177054,-0.4303230377187084,0.010260832785822412,30
record_02_score,record_10_score,effective_lottery_weight,0.45130879708523947,0.4303230377187084,0.47229455645177054,0.01026083278582241,30
record_02_score,record_10_score,effective_input_count,-5.479435744552663,-5.655606552011936,-5.303264937093389,0.08613742135849722,30
record_02_score,record_10_score,lottery_seat_share,0.8000000000000002,0.8,0.8000000000000003,4.1232648001943564e-17,30
record_05_score,record_10_score,loss,0.04946464692791392,0.04659915755452066,0.05233013630130718,0.0014010599662565113,30
record_05_score,record_10_score,represented_population_share,0.12650666666666668,0.11993993749264237,0.133073395840691,0.003210753960702782,30
record_05_score,record_10_score,representation_js_divergence,-0.15699615455820734,-0.1635017687673856,-0.1504905403490291,0.0031808722478686444,30
record_05_score,record_10_score,representation_total_variation,-0.12650666666666666,-0.13307339584069094,-0.11993993749264238,0.003210753960702766,30
record_05_score,record_10_score,demagogue_fraction,0.0098,0.00026765907186606167,0.019332340928133938,0.004660768029058048,30
record_05_score,record_10_score,final_record_weight,-0.13266359861709384,-0.1458331336376362,-0.11949406359655149,0.006439147345238731,30
record_05_score,record_10_score,final_lottery_weight,0.13266359861709381,0.11949406359655146,0.14583313363763617,0.006439147345238731,30
record_05_score,record_10_score,effective_record_weight,-0.13266359861709384,-0.1458331336376362,-0.11949406359655149,0.006439147345238731,30
record_05_score,record_10_score,effective_lottery_weight,0.13266359861709381,0.11949406359655146,0.14583313363763617,0.006439147345238731,30
record_05_score,record_10_score,effective_input_count,-3.7719477431704664,-3.886497229365846,-3.6573982569750867,0.056008129275855204,30
record_05_score,record_10_score,lottery_seat_share,0.5,0.5,0.5,0.0,30
record_08_score,record_10_score,loss,0.015659071051091537,0.014467989310821312,0.016850152791361764,0.0005823706618236776,30
record_08_score,record_10_score,represented_population_share,0.06612666666666663,0.06149940202068183,0.07075393131265141,0.002262467035809054,30
record_08_score,record_10_score,representation_js_divergence,-0.07986943147228512,-0.08425149121481171,-0.07548737172975853,0.0021425759006490357,30
record_08_score,record_10_score,representation_total_variation,-0.06612666666666668,-0.07075393131265144,-0.061499402020681916,0.00226246703580904,30
record_08_score,record_10_score,demagogue_fraction,0.0028666666666666675,-0.0003300901604601715,0.006063423493793506,0.0015630307527683578,30
record_08_score,record_10_score,final_record_weight,-0.025184742812072412,-0.02960043668533242,-0.020769048938812405,0.0021590210616424747,30
record_08_score,record_10_score,final_lottery_weight,0.025184742812072447,0.020769048938812443,0.02960043668533245,0.0021590210616424734,30
record_08_score,record_10_score,effective_record_weight,-0.025184742812072412,-0.02960043668533242,-0.020769048938812405,0.0021590210616424747,30
record_08_score,record_10_score,effective_lottery_weight,0.025184742812072447,0.020769048938812443,0.02960043668533245,0.0021590210616424734,30
record_08_score,record_10_score,effective_input_count,-1.637975910826586,-1.6998895582110993,-1.5760622634420725,0.03027222279056733,30
record_08_score,record_10_score,lottery_seat_share,0.20000000000000004,0.2,0.20000000000000007,1.0308162000485891e-17,30
record_00_equal,record_10_equal,loss,0.7169544526636444,0.6718188825159558,0.7620900228113331,0.022068705253373233,30
record_00_equal,record_10_equal,represented_population_share,0.18122000000000002,0.1718208739167804,0.19061912608321965,0.004595633609836848,30
record_00_equal,record_10_equal,representation_js_divergence,-0.22616652115226168,-0.23551276056841952,-0.21682028173610385,0.0045697750627219855,30
record_00_equal,record_10_equal,representation_total_variation,-0.18122000000000002,-0.19061912608321965,-0.1718208739167804,0.00459563360983684,30
record_00_equal,record_10_equal,demagogue_fraction,0.018866666666666664,0.0062206674688662575,0.03151266586446707,0.006183168352974553,30
record_00_equal,record_10_equal,final_record_weight,-1.0,-1.0,-1.0,0.0,30
record_00_equal,record_10_equal,final_lottery_weight,1.0,1.0,1.0,0.0,30
record_00_equal,record_10_equal,effective_record_weight,-1.0,-1.0,-1.0,0.0,30
record_00_equal,record_10_equal,effective_lottery_weight,1.0,1.0,1.0,0.0,30
record_00_equal,record_10_equal,effective_input_count,0.0,0.0,0.0,0.0,30
record_00_equal,record_10_equal,lottery_seat_share,1.0,1.0,1.0,0.0,30
record_02_equal,record_10_equal,loss,0.6051955308972338,0.5590925204973811,0.6512985412970864,0.02254172805347072,30
record_02_equal,record_10_equal,represented_population_share,0.16440000000000005,0.1564809722426575,0.1723190277573426,0.0038719504129056197,30
record_02_equal,record_10_equal,representation_js_divergence,-0.20548622494857183,-0.21347780516399983,-0.19749464473314382,0.003907424403987533,30
record_02_equal,record_10_equal,representation_total_variation,-0.16440000000000005,-0.17231902775734256,-0.15648097224265753,0.0038719504129056063,30
record_02_equal,record_10_equal,demagogue_fraction,0.015666666666666662,0.0034769255007576216,0.027856407832575703,0.005960084342019386,30
record_02_equal,record_10_equal,final_record_weight,-0.8000000000000003,-0.8000000000000004,-0.8000000000000002,4.1232648001943564e-17,30
record_02_equal,record_10_equal,final_lottery_weight,0.8000000000000002,0.8,0.8000000000000003,4.1232648001943564e-17,30
record_02_equal,record_10_equal,effective_record_weight,-0.8000000000000003,-0.8000000000000004,-0.8000000000000002,4.1232648001943564e-17,30
record_02_equal,record_10_equal,effective_lottery_weight,0.8000000000000002,0.8,0.8000000000000003,4.1232648001943564e-17,30
record_02_equal,record_10_equal,effective_input_count,0.0,0.0,0.0,0.0,30
record_02_equal,record_10_equal,lottery_seat_share,0.8000000000000002,0.8,0.8000000000000003,4.1232648001943564e-17,30
record_05_equal,record_10_equal,loss,0.4018398067425135,0.36818546874523755,0.4354941447397895,0.016455041186564386,30
record_05_equal,record_10_equal,represented_population_share,0.12650666666666668,0.11993993749264237,0.133073395840691,0.003210753960702782,30
record_05_equal,record_10_equal,representation_js_divergence,-0.15699615455820734,-0.1635017687673856,-0.1504905403490291,0.0031808722478686444,30
record_05_equal,record_10_equal,representation_total_variation,-0.12650666666666666,-0.13307339584069094,-0.11993993749264238,0.003210753960702766,30
record_05_equal,record_10_equal,demagogue_fraction,0.0098,0.00026765907186606167,0.019332340928133938,0.004660768029058048,30
record_05_equal,record_10_equal,final_record_weight,-0.5,-0.5,-0.5,0.0,30
record_05_equal,record_10_equal,final_lottery_weight,0.5,0.5,0.5,0.0,30
record_05_equal,record_10_equal,effective_record_weight,-0.5,-0.5,-0.5,0.0,30
record_05_equal,record_10_equal,effective_lottery_weight,0.5,0.5,0.5,0.0,30
record_05_equal,record_10_equal,effective_input_count,0.0,0.0,0.0,0.0,30
record_05_equal,record_10_equal,lottery_seat_share,0.5,0.5,0.5,0.0,30
record_08_equal,record_10_equal,loss,0.1706122778905349,0.14377001095183112,0.1974545448292387,0.01312432911480467,30
record_08_equal,record_10_equal,represented_population_share,0.06612666666666663,0.06149940202068183,0.07075393131265141,0.002262467035809054,30
record_08_equal,record_10_equal,representation_js_divergence,-0.07986943147228512,-0.08425149121481171,-0.07548737172975853,0.0021425759006490357,30
record_08_equal,record_10_equal,representation_total_variation,-0.06612666666666668,-0.07075393131265144,-0.061499402020681916,0.00226246703580904,30
record_08_equal,record_10_equal,demagogue_fraction,0.0028666666666666675,-0.0003300901604601715,0.006063423493793506,0.0015630307527683578,30
record_08_equal,record_10_equal,final_record_weight,-0.2000000000000001,-0.2000000000000001,-0.2000000000000001,5.1540810002429455e-18,30
record_08_equal,record_10_equal,final_lottery_weight,0.20000000000000004,0.2,0.20000000000000007,1.0308162000485891e-17,30
record_08_equal,record_10_equal,effective_record_weight,-0.2000000000000001,-0.2000000000000001,-0.2000000000000001,5.1540810002429455e-18,30
record_08_equal,record_10_equal,effective_lottery_weight,0.20000000000000004,0.2,0.20000000000000007,1.0308162000485891e-17,30
record_08_equal,record_10_equal,effective_input_count,0.0,0.0,0.0,0.0,30
record_08_equal,record_10_equal,lottery_seat_share,0.20000000000000004,0.2,0.20000000000000007,1.0308162000485891e-17,30
