first,second,window,metric,mean,low,high,mcse,n
record_05_score,record_05_equal,all_periods,loss,-0.36129895221153335,-0.39337358556611524,-0.32922431885695147,0.015682656213184654,30
record_05_score,record_05_equal,all_periods,represented_population_share,0.0,0.0,0.0,0.0,30
record_05_score,record_05_equal,all_periods,representation_js_divergence,0.0,0.0,0.0,0.0,30
record_05_score,record_05_equal,all_periods,representation_total_variation,0.0,0.0,0.0,0.0,30
record_05_score,record_05_equal,all_periods,demagogue_fraction,0.0,0.0,0.0,0.0,30
record_05_score,record_05_equal,all_periods,final_record_weight,0.36733640138290613,0.3541668663623638,0.3805059364034485,0.006439147345238731,30
record_05_score,record_05_equal,all_periods,final_lottery_weight,-0.3673364013829062,-0.38050593640344854,-0.35416686636236383,0.006439147345238731,30
record_05_score,record_05_equal,all_periods,effective_record_weight,0.36733640138290613,0.3541668663623638,0.3805059364034485,0.006439147345238731,30
record_05_score,record_05_equal,all_periods,effective_lottery_weight,-0.3673364013829062,-0.38050593640344854,-0.35416686636236383,0.006439147345238731,30
record_05_score,record_05_equal,all_periods,effective_input_count,-3.8893392889793073,-4.004823894002915,-3.7738546839556997,0.05646534875329879,30
record_05_score,record_05_equal,all_periods,lottery_seat_share,0.0,0.0,0.0,0.0,30
record_05_score,record_05_equal,all_periods,ever_seated_population_fraction,0.0,0.0,0.0,0.0,30
record_05_score,record_05_equal,all_periods,ever_lottery_seated_population_fraction,0.0,0.0,0.0,0.0,30
record_05_score,record_05_equal,periods_30_onward,loss,-0.3623162347634656,-0.39459635056998,-0.3300361189569512,0.015783125347652246,30
record_05_score,record_05_equal,periods_30_onward,represented_population_share,0.0,0.0,0.0,0.0,30
record_05_score,record_05_equal,periods_30_onward,representation_js_divergence,0.0,0.0,0.0,0.0,30
record_05_score,record_05_equal,periods_30_onward,representation_total_variation,0.0,0.0,0.0,0.0,30
record_05_score,record_05_equal,periods_30_onward,demagogue_fraction,0.0,0.0,0.0,0.0,30
record_05_score,record_05_equal,periods_30_onward,final_record_weight,0.37726383012154213,0.36407691149295135,0.3904507487501329,0.006447646932615293,30
record_05_score,record_05_equal,periods_30_onward,final_lottery_weight,-0.37726383012154213,-0.3904507487501329,-0.36407691149295135,0.006447646932615293,30
record_05_score,record_05_equal,periods_30_onward,effective_record_weight,0.37726383012154213,0.36407691149295135,0.3904507487501329,0.006447646932615293,30
record_05_score,record_05_equal,periods_30_onward,effective_lottery_weight,-0.37726383012154213,-0.3904507487501329,-0.36407691149295135,0.006447646932615293,30
record_05_score,record_05_equal,periods_30_onward,effective_input_count,-3.9275633334748807,-4.038818741498158,-3.816307925451604,0.05439751396682437,30
record_05_score,record_05_equal,periods_30_onward,lottery_seat_share,0.0,0.0,0.0,0.0,30
record_05_score,record_05_equal,periods_30_onward,ever_seated_population_fraction,0.0,0.0,0.0,0.0,30
record_05_score,record_05_equal,periods_30_onward,ever_lottery_seated_population_fraction,0.0,0.0,0.0,0.0,30
baseline_observed,record_05_score,all_periods,loss,0.0001869374187841106,0.00010883581968426451,0.0002650390178839567,3.818720279176284e-05,30
baseline_observed,record_05_score,all_periods,represented_population_share,0.0,0.0,0.0,0.0,30
baseline_observed,record_05_score,all_periods,representation_js_divergence,0.0,0.0,0.0,0.0,30
baseline_observed,record_05_score,all_periods,representation_total_variation,0.0,0.0,0.0,0.0,30
baseline_observed,record_05_score,all_periods,demagogue_fraction,0.0,0.0,0.0,0.0,30
baseline_observed,record_05_score,all_periods,final_record_weight,0.0,0.0,0.0,0.0,30
baseline_observed,record_05_score,all_periods,final_lottery_weight,0.0,0.0,0.0,0.0,30
baseline_observed,record_05_score,all_periods,effective_record_weight,4.4876673427492646e-05,-9.482849343939203e-06,9.92361961989245e-05,2.6578689087816747e-05,30
baseline_observed,record_05_score,all_periods,effective_lottery_weight,-4.4876673427537986e-05,-9.923619619896874e-05,9.482849343892765e-06,2.6578689087816212e-05,30
baseline_observed,record_05_score,all_periods,effective_input_count,0.0002426603281534767,-0.00017073140961582694,0.0006560520659227803,0.0002021248515341442,30
baseline_observed,record_05_score,all_periods,lottery_seat_share,0.0,0.0,0.0,0.0,30
baseline_observed,record_05_score,all_periods,ever_seated_population_fraction,0.0,0.0,0.0,0.0,30
baseline_observed,record_05_score,all_periods,ever_lottery_seated_population_fraction,0.0,0.0,0.0,0.0,30
baseline_observed,record_05_score,periods_30_onward,loss,-1.3120218331221419e-05,-3.069932065618047e-05,4.45888399373763e-06,8.595172866078788e-06,30
baseline_observed,record_05_score,periods_30_onward,represented_population_share,0.0,0.0,0.0,0.0,30
baseline_observed,record_05_score,periods_30_onward,representation_js_divergence,0.0,0.0,0.0,0.0,30
baseline_observed,record_05_score,periods_30_onward,representation_total_variation,0.0,0.0,0.0,0.0,30
baseline_observed,record_05_score,periods_30_onward,demagogue_fraction,0.0,0.0,0.0,0.0,30
baseline_observed,record_05_score,periods_30_onward,final_record_weight,0.0,0.0,0.0,0.0,30
baseline_observed,record_05_score,periods_30_onward,final_lottery_weight,0.0,0.0,0.0,0.0,30
baseline_observed,record_05_score,periods_30_onward,effective_record_weight,4.465607861255568e-06,-1.7867817111794524e-05,2.679903283430566e-05,1.0919763978074105e-05,30
baseline_observed,record_05_score,periods_30_onward,effective_lottery_weight,-4.46560786130599e-06,-2.6799032834354222e-05,1.786781711174224e-05,1.0919763978073195e-05,30
baseline_observed,record_05_score,periods_30_onward,effective_input_count,-0.00018710211680588172,-0.00039545060293033596,2.124636931857249e-05,0.00010187046081886173,30
baseline_observed,record_05_score,periods_30_onward,lottery_seat_share,0.0,0.0,0.0,0.0,30
baseline_observed,record_05_score,periods_30_onward,ever_seated_population_fraction,0.0,0.0,0.0,0.0,30
baseline_observed,record_05_score,periods_30_onward,ever_lottery_seated_population_fraction,0.0,0.0,0.0,0.0,30
record_05_score,record_10_score,all_periods,loss,0.04946464692791392,0.04659915755452066,0.05233013630130718,0.0014010599662565113,30
record_05_score,record_10_score,all_periods,represented_population_share,0.12650666666666668,0.11993993749264237,0.133073395840691,0.003210753960702782,30
record_05_score,record_10_score,all_periods,representation_js_divergence,-0.15699615455820734,-0.1635017687673856,-0.1504905403490291,0.0031808722478686444,30
record_05_score,record_10_score,all_periods,representation_total_variation,-0.12650666666666666,-0.13307339584069094,-0.11993993749264238,0.003210753960702766,30
record_05_score,record_10_score,all_periods,demagogue_fraction,0.0098,0.00026765907186606167,0.019332340928133938,0.004660768029058048,30
record_05_score,record_10_score,all_periods,final_record_weight,-0.13266359861709384,-0.1458331336376362,-0.11949406359655149,0.006439147345238731,30
record_05_score,record_10_score,all_periods,final_lottery_weight,0.13266359861709381,0.11949406359655146,0.14583313363763617,0.006439147345238731,30
record_05_score,record_10_score,all_periods,effective_record_weight,-0.13266359861709384,-0.1458331336376362,-0.11949406359655149,0.006439147345238731,30
record_05_score,record_10_score,all_periods,effective_lottery_weight,0.13266359861709381,0.11949406359655146,0.14583313363763617,0.006439147345238731,30
record_05_score,record_10_score,all_periods,effective_input_count,-3.7719477431704664,-3.886497229365846,-3.6573982569750867,0.056008129275855204,30
record_05_score,record_10_score,all_periods,lottery_seat_share,0.5,0.5,0.5,0.0,30
record_05_score,record_10_score,all_periods,ever_seated_population_fraction,0.2106666666666667,0.18916164475249544,0.23217168858083795,0.01051472239163641,30
record_05_score,record_10_score,all_periods,ever_lottery_seated_population_fraction,0.324,0.30290884981516747,0.34509115018483255,0.010312362851752592,30
record_05_score,record_10_score,periods_30_onward,loss,0.05269520311080895,0.05035914609928367,0.055031260122334225,0.0011421979045293461,30
record_05_score,record_10_score,periods_30_onward,represented_population_share,0.1273851851851852,0.12064788490373671,0.13412248546663372,0.0032941534498898846,30
record_05_score,record_10_score,periods_30_onward,representation_js_divergence,-0.1580790602062694,-0.16476814592160177,-0.15138997449093705,0.0032705792921899914,30
record_05_score,record_10_score,periods_30_onward,representation_total_variation,-0.12738518518518516,-0.1341224854666336,-0.1206478849037367,0.003294153449889866,30
record_05_score,record_10_score,periods_30_onward,demagogue_fraction,0.010518518518518519,0.001118031722098534,0.019919005314938502,0.004596298920554193,30
record_05_score,record_10_score,periods_30_onward,final_record_weight,-0.12273616987845784,-0.13592308850704865,-0.10954925124986704,0.006447646932615293,30
record_05_score,record_10_score,periods_30_onward,final_lottery_weight,0.12273616987845783,0.10954925124986703,0.13592308850704862,0.006447646932615293,30
record_05_score,record_10_score,periods_30_onward,effective_record_weight,-0.12273616987845784,-0.13592308850704865,-0.10954925124986704,0.006447646932615293,30
record_05_score,record_10_score,periods_30_onward,effective_lottery_weight,0.12273616987845783,0.10954925124986703,0.13592308850704862,0.006447646932615293,30
record_05_score,record_10_score,periods_30_onward,effective_input_count,-3.8799076484291817,-3.991077475335808,-3.7687378215225555,0.05435566970890448,30
record_05_score,record_10_score,periods_30_onward,lottery_seat_share,0.5,0.5,0.5,0.0,30
record_05_score,record_10_score,periods_30_onward,ever_seated_population_fraction,0.261,0.2406809600784146,0.2813190399215854,0.009934845213957154,30
record_05_score,record_10_score,periods_30_onward,ever_lottery_seated_population_fraction,0.3176666666666666,0.2982841622221075,0.3370491711112257,0.009476933076496765,30
