condition,window,metric,mean,low,high,mcse,n
baseline_observed,all_periods,loss,0.13442683656310167,0.1316209221333567,0.13723275099284665,0.0013719312354670578,30
baseline_observed,all_periods,represented_population_share,0.2602866666666667,0.25283337429631964,0.2677399590370138,0.0036442325188358955,30
baseline_observed,all_periods,representation_js_divergence,0.5515248776486099,0.5436486012389571,0.5594011540582627,0.0038510474556977554,30
baseline_observed,all_periods,representation_total_variation,0.7397133333333333,0.7322600409629862,0.7471666257036804,0.0036442325188358886,30
baseline_observed,all_periods,demagogue_fraction,0.011066666666666667,0.0014912808808687263,0.02064205245246461,0.004681814495810366,30
baseline_observed,all_periods,final_record_weight,0.867336401382906,0.8541668663623636,0.8805059364034484,0.006439147345238729,30
baseline_observed,all_periods,final_lottery_weight,0.13266359861709381,0.11949406359655146,0.14583313363763617,0.006439147345238731,30
baseline_observed,all_periods,effective_record_weight,0.8673812780563336,0.8542035293969323,0.8805590267157348,0.006443163343584167,30
baseline_observed,all_periods,effective_lottery_weight,0.1326187219436663,0.1194409732842651,0.1457964706030675,0.006443163343584167,30
baseline_observed,all_periods,effective_input_count,6.110903371348845,5.9955983012258764,6.226208441471814,0.05637756648330823,30
baseline_observed,all_periods,lottery_seat_share,0.5,0.5,0.5,0.0,30
baseline_observed,all_periods,ever_seated_population_fraction,0.443,0.4218280775643914,0.4641719224356086,0.010351855850050747,30
baseline_observed,all_periods,ever_lottery_seated_population_fraction,0.324,0.30290884981516747,0.34509115018483255,0.010312362851752592,30
baseline_observed,all_periods,lottery_weight_relative_to_seat_share,0.2652374438873326,0.2388819465685302,0.291592941206135,0.012886326687168334,30
baseline_observed,periods_30_onward,loss,0.12974238459775705,0.12717501764591238,0.13230975154960173,0.0012552951995979838,30
baseline_observed,periods_30_onward,represented_population_share,0.25992592592592595,0.25241995969603864,0.26743189215581326,0.003669987015277311,30
baseline_observed,periods_30_onward,representation_js_divergence,0.5520435314555152,0.5441149296163152,0.5599721332947152,0.003876631589855213,30
baseline_observed,periods_30_onward,representation_total_variation,0.7400740740740741,0.7325681078441868,0.7475800403039614,0.0036699870152773002,30
baseline_observed,periods_30_onward,demagogue_fraction,0.010518518518518519,0.001118031722098534,0.019919005314938502,0.004596298920554193,30
baseline_observed,periods_30_onward,final_record_weight,0.8772638301215423,0.8640769114929515,0.8904507487501331,0.0064476469326152945,30
baseline_observed,periods_30_onward,final_lottery_weight,0.12273616987845783,0.10954925124986703,0.13592308850704862,0.006447646932615293,30
baseline_observed,periods_30_onward,effective_record_weight,0.8772682957294035,0.8640789258837673,0.8904576655750396,0.0064488454371718846,30
baseline_observed,periods_30_onward,effective_lottery_weight,0.12273170427059653,0.10954233442496035,0.13592107411623272,0.006448845437171888,30
baseline_observed,periods_30_onward,effective_input_count,6.072249564408311,5.96100079535216,6.183498333464462,0.054394267892647855,30
baseline_observed,periods_30_onward,lottery_seat_share,0.5,0.5,0.5,0.0,30
baseline_observed,periods_30_onward,ever_seated_population_fraction,0.411,0.3906809600784146,0.4313190399215854,0.009934845213957154,30
baseline_observed,periods_30_onward,ever_lottery_seated_population_fraction,0.3176666666666666,0.2982841622221075,0.3370491711112257,0.009476933076496765,30
baseline_observed,periods_30_onward,lottery_weight_relative_to_seat_share,0.24546340854119306,0.2190846688499207,0.27184214823246544,0.012897690874343776,30
record_00_equal,all_periods,loss,0.8106534972769821,0.7646972047089208,0.8566097898450434,0.02246999144807009,30
record_00_equal,all_periods,represented_population_share,0.31500000000000006,0.30454140964773896,0.32545859035226116,0.005113650876561316,30
record_00_equal,all_periods,representation_js_divergence,0.48235451105455557,0.471494591348353,0.49321443076075816,0.005309877914187763,30
record_00_equal,all_periods,representation_total_variation,0.6850000000000003,0.6745414096477392,0.6954585903522613,0.005113650876561315,30
record_00_equal,all_periods,demagogue_fraction,0.020133333333333333,0.007515881333374084,0.03275078533329258,0.006169210410427139,30
record_00_equal,all_periods,final_record_weight,0.0,0.0,0.0,0.0,30
record_00_equal,all_periods,final_lottery_weight,1.0,1.0,1.0,0.0,30
record_00_equal,all_periods,effective_record_weight,0.0,0.0,0.0,0.0,30
record_00_equal,all_periods,effective_lottery_weight,1.0,1.0,1.0,0.0,30
record_00_equal,all_periods,effective_input_count,9.999999999999998,9.999999999999998,9.999999999999998,0.0,30
record_00_equal,all_periods,lottery_seat_share,1.0,1.0,1.0,0.0,30
record_00_equal,all_periods,ever_seated_population_fraction,0.517,0.47336384306095575,0.5606361569390443,0.021335578186487566,30
record_00_equal,all_periods,ever_lottery_seated_population_fraction,0.517,0.47336384306095575,0.5606361569390443,0.021335578186487566,30
record_00_equal,all_periods,lottery_weight_relative_to_seat_share,1.0,1.0,1.0,0.0,30
record_00_equal,periods_30_onward,loss,0.8108362313547647,0.7648143043296635,0.8568581583798659,0.022502082933391745,30
record_00_equal,periods_30_onward,represented_population_share,0.31500000000000006,0.30454140964773896,0.32545859035226116,0.005113650876561314,30
record_00_equal,periods_30_onward,representation_js_divergence,0.48235451105455557,0.471494591348353,0.49321443076075816,0.005309877914187765,30
record_00_equal,periods_30_onward,representation_total_variation,0.6850000000000003,0.6745414096477392,0.6954585903522613,0.005113650876561315,30
record_00_equal,periods_30_onward,demagogue_fraction,0.02,0.007338470966473084,0.03266152903352692,0.006190761552000516,30
record_00_equal,periods_30_onward,final_record_weight,0.0,0.0,0.0,0.0,30
record_00_equal,periods_30_onward,final_lottery_weight,1.0,1.0,1.0,0.0,30
record_00_equal,periods_30_onward,effective_record_weight,0.0,0.0,0.0,0.0,30
record_00_equal,periods_30_onward,effective_lottery_weight,1.0,1.0,1.0,0.0,30
record_00_equal,periods_30_onward,effective_input_count,9.999999999999998,9.999999999999998,9.999999999999998,0.0,30
record_00_equal,periods_30_onward,lottery_seat_share,1.0,1.0,1.0,0.0,30
record_00_equal,periods_30_onward,ever_seated_population_fraction,0.5113333333333333,0.4693872563125576,0.553279410354109,0.020509226033432405,30
record_00_equal,periods_30_onward,ever_lottery_seated_population_fraction,0.5113333333333333,0.4693872563125576,0.553279410354109,0.020509226033432405,30
record_00_equal,periods_30_onward,lottery_weight_relative_to_seat_share,1.0,1.0,1.0,0.0,30
record_00_score,all_periods,loss,0.2674584804247881,0.25294909088009576,0.2819678699694804,0.00709425936618168,30
record_00_score,all_periods,represented_population_share,0.31500000000000006,0.30454140964773896,0.32545859035226116,0.005113650876561316,30
record_00_score,all_periods,representation_js_divergence,0.48235451105455557,0.471494591348353,0.49321443076075816,0.005309877914187763,30
record_00_score,all_periods,representation_total_variation,0.6850000000000003,0.6745414096477392,0.6954585903522613,0.005113650876561315,30
record_00_score,all_periods,demagogue_fraction,0.020133333333333333,0.007515881333374084,0.03275078533329258,0.006169210410427139,30
record_00_score,all_periods,final_record_weight,0.0,0.0,0.0,0.0,30
record_00_score,all_periods,final_lottery_weight,1.0,1.0,1.0,0.0,30
record_00_score,all_periods,effective_record_weight,0.0,0.0,0.0,0.0,30
record_00_score,all_periods,effective_lottery_weight,1.0,1.0,1.0,0.0,30
record_00_score,all_periods,effective_input_count,3.56846746823404,3.3917539455081465,3.7451809909599336,0.08640277799886667,30
record_00_score,all_periods,lottery_seat_share,1.0,1.0,1.0,0.0,30
record_00_score,all_periods,ever_seated_population_fraction,0.517,0.47336384306095575,0.5606361569390443,0.021335578186487566,30
record_00_score,all_periods,ever_lottery_seated_population_fraction,0.517,0.47336384306095575,0.5606361569390443,0.021335578186487566,30
record_00_score,all_periods,lottery_weight_relative_to_seat_share,1.0,1.0,1.0,0.0,30
record_00_score,periods_30_onward,loss,0.26527833438319276,0.2501147776953038,0.2804418910710817,0.007414109582372785,30
record_00_score,periods_30_onward,represented_population_share,0.31500000000000006,0.30454140964773896,0.32545859035226116,0.005113650876561314,30
record_00_score,periods_30_onward,representation_js_divergence,0.48235451105455557,0.471494591348353,0.49321443076075816,0.005309877914187765,30
record_00_score,periods_30_onward,representation_total_variation,0.6850000000000003,0.6745414096477392,0.6954585903522613,0.005113650876561315,30
record_00_score,periods_30_onward,demagogue_fraction,0.02,0.007338470966473084,0.03266152903352692,0.006190761552000516,30
record_00_score,periods_30_onward,final_record_weight,0.0,0.0,0.0,0.0,30
record_00_score,periods_30_onward,final_lottery_weight,1.0,1.0,1.0,0.0,30
record_00_score,periods_30_onward,effective_record_weight,0.0,0.0,0.0,0.0,30
record_00_score,periods_30_onward,effective_lottery_weight,1.0,1.0,1.0,0.0,30
record_00_score,periods_30_onward,effective_input_count,3.466430331929722,3.2894322001474716,3.643428463711972,0.0865419355049451,30
record_00_score,periods_30_onward,lottery_seat_share,1.0,1.0,1.0,0.0,30
record_00_score,periods_30_onward,ever_seated_population_fraction,0.5113333333333333,0.4693872563125576,0.553279410354109,0.020509226033432405,30
record_00_score,periods_30_onward,ever_lottery_seated_population_fraction,0.5113333333333333,0.4693872563125576,0.553279410354109,0.020509226033432405,30
record_00_score,periods_30_onward,lottery_weight_relative_to_seat_share,1.0,1.0,1.0,0.0,30
record_02_equal,all_periods,loss,0.6988945755105712,0.6521671155711938,0.7456220354499487,0.02284704806578662,30
record_02_equal,all_periods,represented_population_share,0.29818000000000006,0.2892749073302966,0.3070850926697035,0.004354079603705276,30
record_02_equal,all_periods,representation_js_divergence,0.5030348072582453,0.4936188787940084,0.5124507357224822,0.004603849010528858,30
record_02_equal,all_periods,representation_total_variation,0.70182,0.6929149073302966,0.7107250926697034,0.004354079603705273,30
record_02_equal,all_periods,demagogue_fraction,0.01693333333333333,0.004726800995609836,0.02913986567105683,0.005968294262054061,30
record_02_equal,all_periods,final_record_weight,0.20000000000000004,0.2,0.20000000000000007,1.0308162000485891e-17,30
record_02_equal,all_periods,final_lottery_weight,0.8000000000000002,0.8,0.8000000000000003,4.1232648001943564e-17,30
record_02_equal,all_periods,effective_record_weight,0.20000000000000004,0.2,0.20000000000000007,1.0308162000485891e-17,30
record_02_equal,all_periods,effective_lottery_weight,0.8000000000000002,0.8,0.8000000000000003,4.1232648001943564e-17,30
record_02_equal,all_periods,effective_input_count,9.999999999999998,9.999999999999998,9.999999999999998,0.0,30
record_02_equal,all_periods,lottery_seat_share,0.8000000000000002,0.8,0.8000000000000003,4.1232648001943564e-17,30
record_02_equal,all_periods,ever_seated_population_fraction,0.49433333333333335,0.4605102544322385,0.5281564122344282,0.01653754581115163,30
record_02_equal,all_periods,ever_lottery_seated_population_fraction,0.41733333333333333,0.3787897292384543,0.4558769374282124,0.018845611906292813,30
record_02_equal,all_periods,lottery_weight_relative_to_seat_share,1.0,1.0,1.0,0.0,30
record_02_equal,periods_30_onward,loss,0.6961670412599736,0.6493701267837013,0.742963955736246,0.02288100735107377,30
record_02_equal,periods_30_onward,represented_population_share,0.2980592592592593,0.2891806934655402,0.3069378250529784,0.004341109482679318,30
record_02_equal,periods_30_onward,representation_js_divergence,0.5031571194295974,0.49376082692467715,0.5125534119345176,0.004594248152555665,30
record_02_equal,periods_30_onward,representation_total_variation,0.7019407407407409,0.6930621749470217,0.71081930653446,0.004341109482679321,30
record_02_equal,periods_30_onward,demagogue_fraction,0.016666666666666666,0.004508808933950356,0.028824524399382975,0.005944495171719916,30
record_02_equal,periods_30_onward,final_record_weight,0.20000000000000007,0.20000000000000004,0.2000000000000001,1.0308162000485891e-17,30
record_02_equal,periods_30_onward,final_lottery_weight,0.8000000000000003,0.8000000000000002,0.8000000000000004,4.1232648001943564e-17,30
record_02_equal,periods_30_onward,effective_record_weight,0.20000000000000007,0.20000000000000004,0.2000000000000001,1.0308162000485891e-17,30
record_02_equal,periods_30_onward,effective_lottery_weight,0.8000000000000003,0.8000000000000002,0.8000000000000004,4.1232648001943564e-17,30
record_02_equal,periods_30_onward,effective_input_count,9.999999999999998,9.999999999999998,9.999999999999998,0.0,30
record_02_equal,periods_30_onward,lottery_seat_share,0.8000000000000003,0.8000000000000002,0.8000000000000004,4.1232648001943564e-17,30
record_02_equal,periods_30_onward,ever_seated_population_fraction,0.47400000000000003,0.4399938043034499,0.5080061956965501,0.016627079422284075,30
record_02_equal,periods_30_onward,ever_lottery_seated_population_fraction,0.4116666666666667,0.3736107706935451,0.44972256263978827,0.01860715060507242,30
record_02_equal,periods_30_onward,lottery_weight_relative_to_seat_share,1.0,1.0,1.0,0.0,30
record_02_score,all_periods,loss,0.1976612336964174,0.18981160005511033,0.20551086733772445,0.003838020669953567,30
record_02_score,all_periods,represented_population_share,0.29818000000000006,0.2892749073302966,0.3070850926697035,0.004354079603705276,30
record_02_score,all_periods,representation_js_divergence,0.5030348072582453,0.4936188787940084,0.5124507357224822,0.004603849010528858,30
record_02_score,all_periods,representation_total_variation,0.70182,0.6929149073302966,0.7107250926697034,0.004354079603705273,30
record_02_score,all_periods,demagogue_fraction,0.01693333333333333,0.004726800995609836,0.02913986567105683,0.005968294262054061,30
record_02_score,all_periods,final_record_weight,0.5486912029147605,0.5277054435482293,0.5696769622812916,0.01026083278582241,30
record_02_score,all_periods,final_lottery_weight,0.45130879708523947,0.4303230377187084,0.47229455645177054,0.01026083278582241,30
record_02_score,all_periods,effective_record_weight,0.5486912029147605,0.5277054435482293,0.5696769622812916,0.01026083278582241,30
record_02_score,all_periods,effective_lottery_weight,0.45130879708523947,0.4303230377187084,0.47229455645177054,0.01026083278582241,30
record_02_score,all_periods,effective_input_count,4.403172709638494,4.225642509010772,4.580702910266217,0.08680208665595106,30
record_02_score,all_periods,lottery_seat_share,0.8000000000000002,0.8,0.8000000000000003,4.1232648001943564e-17,30
record_02_score,all_periods,ever_seated_population_fraction,0.49433333333333335,0.4605102544322385,0.5281564122344282,0.01653754581115163,30
record_02_score,all_periods,ever_lottery_seated_population_fraction,0.41733333333333333,0.3787897292384543,0.4558769374282124,0.018845611906292813,30
record_02_score,all_periods,lottery_weight_relative_to_seat_share,0.5641359963565494,0.5379037971483855,0.5903681955647133,0.012826040982278013,30
record_02_score,periods_30_onward,loss,0.19422132837476505,0.18618838034255697,0.20225427640697313,0.003927650893926789,30
record_02_score,periods_30_onward,represented_population_share,0.2980592592592593,0.2891806934655402,0.3069378250529784,0.004341109482679318,30
record_02_score,periods_30_onward,representation_js_divergence,0.5031571194295974,0.49376082692467715,0.5125534119345176,0.004594248152555665,30
record_02_score,periods_30_onward,representation_total_variation,0.7019407407407409,0.6930621749470217,0.71081930653446,0.004341109482679321,30
record_02_score,periods_30_onward,demagogue_fraction,0.016666666666666666,0.004508808933950356,0.028824524399382975,0.005944495171719916,30
record_02_score,periods_30_onward,final_record_weight,0.5583774467229208,0.5372008039682373,0.5795540894776042,0.010354163815365556,30
record_02_score,periods_30_onward,final_lottery_weight,0.4416225532770792,0.4204459105223957,0.4627991960317627,0.010354163815365558,30
record_02_score,periods_30_onward,effective_record_weight,0.5583774467229208,0.5372008039682373,0.5795540894776042,0.010354163815365556,30
record_02_score,periods_30_onward,effective_lottery_weight,0.4416225532770792,0.4204459105223957,0.4627991960317627,0.010354163815365558,30
record_02_score,periods_30_onward,effective_input_count,4.3184131856627195,4.142293812280296,4.494532559045143,0.08611227304468921,30
record_02_score,periods_30_onward,lottery_seat_share,0.8000000000000003,0.8000000000000002,0.8000000000000004,4.1232648001943564e-17,30
record_02_score,periods_30_onward,ever_seated_population_fraction,0.47400000000000003,0.4399938043034499,0.5080061956965501,0.016627079422284075,30
record_02_score,periods_30_onward,ever_lottery_seated_population_fraction,0.4116666666666667,0.3736107706935451,0.44972256263978827,0.01860715060507242,30
record_02_score,periods_30_onward,lottery_weight_relative_to_seat_share,0.552028191596349,0.5255573881529946,0.5784989950397034,0.012942704769206944,30
record_05_equal,all_periods,loss,0.49553885135585085,0.4614783112079044,0.5295993915037973,0.01665365074233382,30
record_05_equal,all_periods,represented_population_share,0.2602866666666667,0.25283337429631964,0.2677399590370138,0.0036442325188358955,30
record_05_equal,all_periods,representation_js_divergence,0.5515248776486099,0.5436486012389571,0.5594011540582627,0.0038510474556977554,30
record_05_equal,all_periods,representation_total_variation,0.7397133333333333,0.7322600409629862,0.7471666257036804,0.0036442325188358886,30
record_05_equal,all_periods,demagogue_fraction,0.011066666666666667,0.0014912808808687263,0.02064205245246461,0.004681814495810366,30
record_05_equal,all_periods,final_record_weight,0.5,0.5,0.5,0.0,30
record_05_equal,all_periods,final_lottery_weight,0.5,0.5,0.5,0.0,30
record_05_equal,all_periods,effective_record_weight,0.5,0.5,0.5,0.0,30
record_05_equal,all_periods,effective_lottery_weight,0.5,0.5,0.5,0.0,30
record_05_equal,all_periods,effective_input_count,9.999999999999998,9.999999999999998,9.999999999999998,0.0,30
record_05_equal,all_periods,lottery_seat_share,0.5,0.5,0.5,0.0,30
record_05_equal,all_periods,ever_seated_population_fraction,0.443,0.4218280775643914,0.4641719224356086,0.010351855850050747,30
record_05_equal,all_periods,ever_lottery_seated_population_fraction,0.324,0.30290884981516747,0.34509115018483255,0.010312362851752592,30
record_05_equal,all_periods,lottery_weight_relative_to_seat_share,1.0,1.0,1.0,0.0,30
record_05_equal,periods_30_onward,loss,0.49207173957955386,0.4581819271521012,0.5259615520070064,0.016570174678337525,30
record_05_equal,periods_30_onward,represented_population_share,0.25992592592592595,0.25241995969603864,0.26743189215581326,0.003669987015277311,30
record_05_equal,periods_30_onward,representation_js_divergence,0.5520435314555152,0.5441149296163152,0.5599721332947152,0.003876631589855213,30
record_05_equal,periods_30_onward,representation_total_variation,0.7400740740740741,0.7325681078441868,0.7475800403039614,0.0036699870152773002,30
record_05_equal,periods_30_onward,demagogue_fraction,0.010518518518518519,0.001118031722098534,0.019919005314938502,0.004596298920554193,30
record_05_equal,periods_30_onward,final_record_weight,0.5,0.5,0.5,0.0,30
record_05_equal,periods_30_onward,final_lottery_weight,0.5,0.5,0.5,0.0,30
record_05_equal,periods_30_onward,effective_record_weight,0.5,0.5,0.5,0.0,30
record_05_equal,periods_30_onward,effective_lottery_weight,0.5,0.5,0.5,0.0,30
record_05_equal,periods_30_onward,effective_input_count,9.999999999999998,9.999999999999998,9.999999999999998,0.0,30
record_05_equal,periods_30_onward,lottery_seat_share,0.5,0.5,0.5,0.0,30
record_05_equal,periods_30_onward,ever_seated_population_fraction,0.411,0.3906809600784146,0.4313190399215854,0.009934845213957154,30
record_05_equal,periods_30_onward,ever_lottery_seated_population_fraction,0.3176666666666666,0.2982841622221075,0.3370491711112257,0.009476933076496765,30
record_05_equal,periods_30_onward,lottery_weight_relative_to_seat_share,1.0,1.0,1.0,0.0,30
record_05_score,all_periods,loss,0.13423989914431753,0.1314573465848066,0.13702245170382846,0.0013605086207382376,30
record_05_score,all_periods,represented_population_share,0.2602866666666667,0.25283337429631964,0.2677399590370138,0.0036442325188358955,30
record_05_score,all_periods,representation_js_divergence,0.5515248776486099,0.5436486012389571,0.5594011540582627,0.0038510474556977554,30
record_05_score,all_periods,representation_total_variation,0.7397133333333333,0.7322600409629862,0.7471666257036804,0.0036442325188358886,30
record_05_score,all_periods,demagogue_fraction,0.011066666666666667,0.0014912808808687263,0.02064205245246461,0.004681814495810366,30
record_05_score,all_periods,final_record_weight,0.867336401382906,0.8541668663623636,0.8805059364034484,0.006439147345238729,30
record_05_score,all_periods,final_lottery_weight,0.13266359861709381,0.11949406359655146,0.14583313363763617,0.006439147345238731,30
record_05_score,all_periods,effective_record_weight,0.867336401382906,0.8541668663623636,0.8805059364034484,0.006439147345238729,30
record_05_score,all_periods,effective_lottery_weight,0.13266359861709381,0.11949406359655146,0.14583313363763617,0.006439147345238731,30
record_05_score,all_periods,effective_input_count,6.110660711020691,5.995176105997084,6.226145316044299,0.05646534875329878,30
record_05_score,all_periods,lottery_seat_share,0.5,0.5,0.5,0.0,30
record_05_score,all_periods,ever_seated_population_fraction,0.443,0.4218280775643914,0.4641719224356086,0.010351855850050747,30
record_05_score,all_periods,ever_lottery_seated_population_fraction,0.324,0.30290884981516747,0.34509115018483255,0.010312362851752592,30
record_05_score,all_periods,lottery_weight_relative_to_seat_share,0.26532719723418763,0.23898812719310292,0.29166626727527234,0.012878294690477462,30
record_05_score,periods_30_onward,loss,0.12975550481608822,0.1271857961983801,0.13232521343379633,0.0012564401399094247,30
record_05_score,periods_30_onward,represented_population_share,0.25992592592592595,0.25241995969603864,0.26743189215581326,0.003669987015277311,30
record_05_score,periods_30_onward,representation_js_divergence,0.5520435314555152,0.5441149296163152,0.5599721332947152,0.003876631589855213,30
record_05_score,periods_30_onward,representation_total_variation,0.7400740740740741,0.7325681078441868,0.7475800403039614,0.0036699870152773002,30
record_05_score,periods_30_onward,demagogue_fraction,0.010518518518518519,0.001118031722098534,0.019919005314938502,0.004596298920554193,30
record_05_score,periods_30_onward,final_record_weight,0.8772638301215423,0.8640769114929515,0.8904507487501331,0.0064476469326152945,30
record_05_score,periods_30_onward,final_lottery_weight,0.12273616987845783,0.10954925124986703,0.13592308850704862,0.006447646932615293,30
record_05_score,periods_30_onward,effective_record_weight,0.8772638301215423,0.8640769114929515,0.8904507487501331,0.0064476469326152945,30
record_05_score,periods_30_onward,effective_lottery_weight,0.12273616987845783,0.10954925124986703,0.13592308850704862,0.006447646932615293,30
record_05_score,periods_30_onward,effective_input_count,6.072436666525118,5.961181258501841,6.183692074548396,0.054397513966824386,30
record_05_score,periods_30_onward,lottery_seat_share,0.5,0.5,0.5,0.0,30
record_05_score,periods_30_onward,ever_seated_population_fraction,0.411,0.3906809600784146,0.4313190399215854,0.009934845213957154,30
record_05_score,periods_30_onward,ever_lottery_seated_population_fraction,0.3176666666666666,0.2982841622221075,0.3370491711112257,0.009476933076496765,30
record_05_score,periods_30_onward,lottery_weight_relative_to_seat_share,0.24547233975691565,0.21909850249973406,0.27184617701409725,0.012895293865230585,30
record_08_equal,all_periods,loss,0.2643113225038723,0.23750115621680692,0.2911214887909377,0.013108633737142853,30
record_08_equal,all_periods,represented_population_share,0.19990666666666668,0.19420291509535367,0.20561041823797968,0.002788807405199402,30
record_08_equal,all_periods,representation_js_divergence,0.6286516007345321,0.6224264154647073,0.6348767860043568,0.003043758579272956,30
record_08_equal,all_periods,representation_total_variation,0.8000933333333333,0.7943895817620203,0.8057970849046463,0.0027888074051993996,30
record_08_equal,all_periods,demagogue_fraction,0.004133333333333334,0.0008344306533326906,0.007432236013333978,0.0016129742167049013,30
record_08_equal,all_periods,final_record_weight,0.8000000000000002,0.8,0.8000000000000003,4.1232648001943564e-17,30
record_08_equal,all_periods,final_lottery_weight,0.20000000000000004,0.2,0.20000000000000007,1.0308162000485891e-17,30
record_08_equal,all_periods,effective_record_weight,0.8000000000000002,0.8,0.8000000000000003,4.1232648001943564e-17,30
record_08_equal,all_periods,effective_lottery_weight,0.20000000000000004,0.2,0.20000000000000007,1.0308162000485891e-17,30
record_08_equal,all_periods,effective_input_count,9.999999999999998,9.999999999999998,9.999999999999998,0.0,30
record_08_equal,all_periods,lottery_seat_share,0.20000000000000004,0.2,0.20000000000000007,1.0308162000485891e-17,30
record_08_equal,all_periods,ever_seated_population_fraction,0.35300000000000004,0.3332132407543329,0.3727867592456672,0.009674590490011724,30
record_08_equal,all_periods,ever_lottery_seated_population_fraction,0.16033333333333333,0.13547749685946392,0.18518916980720274,0.012153078540339599,30
record_08_equal,all_periods,lottery_weight_relative_to_seat_share,1.0,1.0,1.0,0.0,30
record_08_equal,periods_30_onward,loss,0.25186557207762383,0.22499623913276218,0.2787349050224855,0.013137562839566087,30
record_08_equal,periods_30_onward,represented_population_share,0.19910370370370373,0.1934071207403399,0.20480028666706757,0.0027853023670357186,30
record_08_equal,periods_30_onward,representation_js_divergence,0.6297425430985996,0.6235315913366137,0.6359534948605854,0.003036799210238899,30
record_08_equal,periods_30_onward,representation_total_variation,0.8008962962962964,0.7951997133329326,0.8065928792596603,0.0027853023670357125,30
record_08_equal,periods_30_onward,demagogue_fraction,0.0029629629629629637,-0.00018989300069990845,0.006115818926625835,0.0015415657482722423,30
record_08_equal,periods_30_onward,final_record_weight,0.8000000000000003,0.8000000000000002,0.8000000000000004,4.1232648001943564e-17,30
record_08_equal,periods_30_onward,final_lottery_weight,0.20000000000000007,0.20000000000000004,0.2000000000000001,1.0308162000485891e-17,30
record_08_equal,periods_30_onward,effective_record_weight,0.8000000000000003,0.8000000000000002,0.8000000000000004,4.1232648001943564e-17,30
record_08_equal,periods_30_onward,effective_lottery_weight,0.20000000000000007,0.20000000000000004,0.2000000000000001,1.0308162000485891e-17,30
record_08_equal,periods_30_onward,effective_input_count,9.999999999999998,9.999999999999998,9.999999999999998,0.0,30
record_08_equal,periods_30_onward,lottery_seat_share,0.20000000000000007,0.20000000000000004,0.2000000000000001,1.0308162000485891e-17,30
record_08_equal,periods_30_onward,ever_seated_population_fraction,0.29733333333333334,0.2757168125110794,0.3189498541555873,0.010569238963167422,30
record_08_equal,periods_30_onward,ever_lottery_seated_population_fraction,0.15433333333333332,0.13146837259862215,0.1771982940680445,0.011179654481669007,30
record_08_equal,periods_30_onward,lottery_weight_relative_to_seat_share,1.0,1.0,1.0,0.0,30
record_08_score,all_periods,loss,0.10043432326749514,0.0985775072067945,0.10229113932819578,0.0009078765642983734,30
record_08_score,all_periods,represented_population_share,0.19990666666666668,0.19420291509535367,0.20561041823797968,0.002788807405199402,30
record_08_score,all_periods,representation_js_divergence,0.6286516007345321,0.6224264154647073,0.6348767860043568,0.003043758579272956,30
record_08_score,all_periods,representation_total_variation,0.8000933333333333,0.7943895817620203,0.8057970849046463,0.0027888074051993996,30
record_08_score,all_periods,demagogue_fraction,0.004133333333333334,0.0008344306533326906,0.007432236013333978,0.0016129742167049013,30
record_08_score,all_periods,final_record_weight,0.9748152571879276,0.9703995633146676,0.9792309510611876,0.0021590210616424747,30
record_08_score,all_periods,final_lottery_weight,0.025184742812072447,0.020769048938812443,0.02960043668533245,0.0021590210616424734,30
record_08_score,all_periods,effective_record_weight,0.9748152571879276,0.9703995633146676,0.9792309510611876,0.0021590210616424747,30
record_08_score,all_periods,effective_lottery_weight,0.025184742812072447,0.020769048938812443,0.02960043668533245,0.0021590210616424734,30
record_08_score,all_periods,effective_input_count,8.24463254336457,8.183615630275176,8.305649456453965,0.029833771148440838,30
record_08_score,all_periods,lottery_seat_share,0.20000000000000004,0.2,0.20000000000000007,1.0308162000485891e-17,30
record_08_score,all_periods,ever_seated_population_fraction,0.35300000000000004,0.3332132407543329,0.3727867592456672,0.009674590490011724,30
record_08_score,all_periods,ever_lottery_seated_population_fraction,0.16033333333333333,0.13547749685946392,0.18518916980720274,0.012153078540339599,30
record_08_score,all_periods,lottery_weight_relative_to_seat_share,0.12592371406036224,0.1038452446940622,0.14800218342666227,0.010795105308212366,30
record_08_score,periods_30_onward,loss,0.09335049171168903,0.09208078762846962,0.09462019579490845,0.0006208124784928333,30
record_08_score,periods_30_onward,represented_population_share,0.19910370370370373,0.1934071207403399,0.20480028666706757,0.0027853023670357186,30
record_08_score,periods_30_onward,representation_js_divergence,0.6297425430985996,0.6235315913366137,0.6359534948605854,0.003036799210238899,30
record_08_score,periods_30_onward,representation_total_variation,0.8008962962962964,0.7951997133329326,0.8065928792596603,0.0027853023670357125,30
record_08_score,periods_30_onward,demagogue_fraction,0.0029629629629629637,-0.00018989300069990845,0.006115818926625835,0.0015415657482722423,30
record_08_score,periods_30_onward,final_record_weight,0.9793621823501826,0.9752970815794425,0.9834272831209226,0.001987601141210278,30
record_08_score,periods_30_onward,final_lottery_weight,0.02063781764981741,0.016572716879077375,0.024702918420557447,0.0019876011412102703,30
record_08_score,periods_30_onward,effective_record_weight,0.9793621823501826,0.9752970815794425,0.9834272831209226,0.001987601141210278,30
record_08_score,periods_30_onward,effective_lottery_weight,0.02063781764981741,0.016572716879077375,0.024702918420557447,0.0019876011412102703,30
record_08_score,periods_30_onward,effective_input_count,8.26958309075916,8.210004326813673,8.329161854704646,0.029130598695685066,30
record_08_score,periods_30_onward,lottery_seat_share,0.20000000000000007,0.20000000000000004,0.2000000000000001,1.0308162000485891e-17,30
record_08_score,periods_30_onward,ever_seated_population_fraction,0.29733333333333334,0.2757168125110794,0.3189498541555873,0.010569238963167422,30
record_08_score,periods_30_onward,ever_lottery_seated_population_fraction,0.15433333333333332,0.13146837259862215,0.1771982940680445,0.011179654481669007,30
record_08_score,periods_30_onward,lottery_weight_relative_to_seat_share,0.10318908824908705,0.08286358439538688,0.12351459210278723,0.009938005706051353,30
record_10_equal,all_periods,loss,0.09369904461333732,0.09157843115523986,0.09581965807143478,0.001036858362705004,30
record_10_equal,all_periods,represented_population_share,0.13378000000000004,0.13181110677819685,0.13574889322180322,0.0009626758683929954,30
record_10_equal,all_periods,representation_js_divergence,0.7085210322068173,0.7055957335353327,0.7114463308783019,0.0014303032829282565,30
record_10_equal,all_periods,representation_total_variation,0.86622,0.8642511067781968,0.8681888932218031,0.0009626758683929991,30
record_10_equal,all_periods,demagogue_fraction,0.0012666666666666668,0.0007301601630032644,0.0018031731703300692,0.00026232091135934717,30
record_10_equal,all_periods,final_record_weight,1.0,1.0,1.0,0.0,30
record_10_equal,all_periods,final_lottery_weight,0.0,0.0,0.0,0.0,30
record_10_equal,all_periods,effective_record_weight,1.0,1.0,1.0,0.0,30
record_10_equal,all_periods,effective_lottery_weight,0.0,0.0,0.0,0.0,30
record_10_equal,all_periods,effective_input_count,9.999999999999998,9.999999999999998,9.999999999999998,0.0,30
record_10_equal,all_periods,lottery_seat_share,0.0,0.0,0.0,0.0,30
record_10_equal,all_periods,ever_seated_population_fraction,0.2323333333333334,0.22870595041655045,0.23596071625011633,0.0017735822139759406,30
record_10_equal,all_periods,ever_lottery_seated_population_fraction,0.0,0.0,0.0,0.0,30
record_10_equal,periods_30_onward,loss,0.0767916219951081,0.07584035279985188,0.07774289119036432,0.0004651160806882638,30
record_10_equal,periods_30_onward,represented_population_share,0.13254074074074074,0.1306024479327599,0.13447903354872157,0.0009477140209837943,30
record_10_equal,periods_30_onward,representation_js_divergence,0.7101225916617847,0.7072349186365748,0.7130102646869946,0.0014119064997506316,30
record_10_equal,periods_30_onward,representation_total_variation,0.8674592592592593,0.8655209664512784,0.8693975520672401,0.0009477140209838029,30
record_10_equal,periods_30_onward,demagogue_fraction,0.0,0.0,0.0,0.0,30
record_10_equal,periods_30_onward,final_record_weight,1.0,1.0,1.0,0.0,30
record_10_equal,periods_30_onward,final_lottery_weight,0.0,0.0,0.0,0.0,30
record_10_equal,periods_30_onward,effective_record_weight,1.0,1.0,1.0,0.0,30
record_10_equal,periods_30_onward,effective_lottery_weight,0.0,0.0,0.0,0.0,30
record_10_equal,periods_30_onward,effective_input_count,9.999999999999998,9.999999999999998,9.999999999999998,0.0,30
record_10_equal,periods_30_onward,lottery_seat_share,0.0,0.0,0.0,0.0,30
record_10_equal,periods_30_onward,ever_seated_population_fraction,0.15000000000000002,0.15000000000000002,0.15000000000000002,5.1540810002429455e-18,30
record_10_equal,periods_30_onward,ever_lottery_seated_population_fraction,0.0,0.0,0.0,0.0,30
record_10_score,all_periods,loss,0.08477525221640361,0.08334447668051773,0.0862060277522895,0.0006995671813136413,30
record_10_score,all_periods,represented_population_share,0.13378000000000004,0.13181110677819685,0.13574889322180322,0.0009626758683929954,30
record_10_score,all_periods,representation_js_divergence,0.7085210322068173,0.7055957335353327,0.7114463308783019,0.0014303032829282565,30
record_10_score,all_periods,representation_total_variation,0.86622,0.8642511067781968,0.8681888932218031,0.0009626758683929991,30
record_10_score,all_periods,demagogue_fraction,0.0012666666666666668,0.0007301601630032644,0.0018031731703300692,0.00026232091135934717,30
record_10_score,all_periods,final_record_weight,1.0,1.0,1.0,0.0,30
record_10_score,all_periods,final_lottery_weight,0.0,0.0,0.0,0.0,30
record_10_score,all_periods,effective_record_weight,1.0,1.0,1.0,0.0,30
record_10_score,all_periods,effective_lottery_weight,0.0,0.0,0.0,0.0,30
record_10_score,all_periods,effective_input_count,9.882608454191153,9.876451900783145,9.888765007599162,0.0030102015349178874,30
record_10_score,all_periods,lottery_seat_share,0.0,0.0,0.0,0.0,30
record_10_score,all_periods,ever_seated_population_fraction,0.2323333333333334,0.22870595041655045,0.23596071625011633,0.0017735822139759406,30
record_10_score,all_periods,ever_lottery_seated_population_fraction,0.0,0.0,0.0,0.0,30
record_10_score,periods_30_onward,loss,0.07706030170527929,0.0761128258174291,0.07800777759312948,0.00046326137091490016,30
record_10_score,periods_30_onward,represented_population_share,0.13254074074074074,0.1306024479327599,0.13447903354872157,0.0009477140209837943,30
record_10_score,periods_30_onward,representation_js_divergence,0.7101225916617847,0.7072349186365748,0.7130102646869946,0.0014119064997506316,30
record_10_score,periods_30_onward,representation_total_variation,0.8674592592592593,0.8655209664512784,0.8693975520672401,0.0009477140209838029,30
record_10_score,periods_30_onward,demagogue_fraction,0.0,0.0,0.0,0.0,30
record_10_score,periods_30_onward,final_record_weight,1.0,1.0,1.0,0.0,30
record_10_score,periods_30_onward,final_lottery_weight,0.0,0.0,0.0,0.0,30
record_10_score,periods_30_onward,effective_record_weight,1.0,1.0,1.0,0.0,30
record_10_score,periods_30_onward,effective_lottery_weight,0.0,0.0,0.0,0.0,30
record_10_score,periods_30_onward,effective_input_count,9.9523443149543,9.950904441642468,9.95378418826613,0.0007040154719887069,30
record_10_score,periods_30_onward,lottery_seat_share,0.0,0.0,0.0,0.0,30
record_10_score,periods_30_onward,ever_seated_population_fraction,0.15000000000000002,0.15000000000000002,0.15000000000000002,5.1540810002429455e-18,30
record_10_score,periods_30_onward,ever_lottery_seated_population_fraction,0.0,0.0,0.0,0.0,30
