run,seed,condition,window,first_period,last_period,loss,represented_population_share,representation_js_divergence,representation_total_variation,demagogue_fraction,final_record_weight,final_lottery_weight,effective_record_weight,effective_lottery_weight,effective_input_count,lottery_seat_share,ever_seated_population_fraction,ever_lottery_seated_population_fraction,lottery_weight_relative_to_seat_share
0,3256145307,record_08_score,all_periods,0,299,0.10734249483500245,0.21839999999999998,0.607446977686043,0.7816000000000001,0.0,0.9788298177168013,0.021170182283198596,0.9788298177168013,0.021170182283198596,8.18977044858425,0.19999999999999998,0.34,0.13,0.10585091141599298
0,3256145307,record_08_score,periods_30_onward,30,299,0.09724756771664171,0.21688888888888885,0.6094102577067915,0.7831111111111113,0.0,0.9818657811652951,0.018134218834704875,0.9818657811652951,0.018134218834704875,8.22895465700117,0.2,0.28,0.13,0.09067109417352437
1,926503245,record_08_score,all_periods,0,299,0.10621046242371288,0.20139999999999997,0.6258713669736432,0.7986,0.0,0.9931149053787923,0.006885094621207841,0.9931149053787923,0.006885094621207841,7.987700030225351,0.19999999999999998,0.34,0.16,0.03442547310603921
1,926503245,record_08_score,periods_30_onward,30,299,0.09505503080109427,0.19977777777777778,0.6278034162428949,0.8002222222222223,0.0,0.9940942044385254,0.005905795561474733,0.9940942044385254,0.005905795561474733,8.053108276643918,0.2,0.31,0.16,0.029528977807373666
2,1263450924,record_08_score,all_periods,0,299,0.09940589543578378,0.21839999999999998,0.6138003046621437,0.7816000000000003,0.004000000000000001,0.9840605608620128,0.0159394391379871,0.9840605608620128,0.0159394391379871,8.131250737649003,0.19999999999999998,0.31,0.1,0.07969719568993551
2,1263450924,record_08_score,periods_30_onward,30,299,0.09412348259979983,0.2197777777777778,0.612280088868901,0.7802222222222223,0.0,0.98773034723133,0.012269652768670043,0.98773034723133,0.012269652768670043,8.156734021904049,0.2,0.25,0.1,0.061348263843350216
3,1463822826,record_08_score,all_periods,0,299,0.11021520431825067,0.202,0.625520205860398,0.7980000000000002,0.0,0.9889035120074064,0.011096487992593386,0.9889035120074064,0.011096487992593386,8.06234321782082,0.19999999999999998,0.33,0.12,0.05548243996296694
3,1463822826,record_08_score,periods_30_onward,30,299,0.09471506268719725,0.20111111111111116,0.6267866233626964,0.7988888888888891,0.0,0.9900940476566337,0.00990595234336634,0.9900940476566337,0.00990595234336634,8.11974672861756,0.2,0.27,0.12,0.0495297617168317
4,3438577879,record_08_score,all_periods,0,299,0.10110705770575056,0.2086,0.6227814730791402,0.7914000000000001,0.0020000000000000005,0.9778765635533362,0.02212343644666393,0.9778765635533362,0.02212343644666393,8.191096500505404,0.19999999999999998,0.34,0.15,0.11061718223331966
4,3438577879,record_08_score,periods_30_onward,30,299,0.09473953611483882,0.20844444444444446,0.6229405348883335,0.7915555555555557,0.0,0.9808949265670955,0.01910507343290459,0.9808949265670955,0.01910507343290459,8.230205758653636,0.2,0.28,0.14,0.09552536716452295
5,3800870049,record_08_score,all_periods,0,299,0.10092810153863456,0.23579999999999998,0.5947793782639523,0.7642000000000001,0.0020000000000000005,0.9562305761482164,0.04376942385178366,0.9562305761482164,0.04376942385178366,8.537426608712071,0.19999999999999998,0.32,0.11,0.2188471192589183
5,3800870049,record_08_score,periods_30_onward,30,299,0.09297258994825536,0.23555555555555557,0.5949878964839176,0.7644444444444446,0.0,0.9610785167718491,0.038921483228150804,0.9610785167718491,0.038921483228150804,8.55404466681091,0.2,0.26,0.11,0.194607416140754
6,512931241,record_08_score,all_periods,0,299,0.09836182002101802,0.19739999999999996,0.632405003266641,0.8026000000000001,0.0,0.9724420529269092,0.027557947073090953,0.9724420529269092,0.027557947073090953,8.306153555283789,0.19999999999999998,0.32,0.12,0.13778973536545477
6,512931241,record_08_score,periods_30_onward,30,299,0.09033197939561488,0.19577777777777775,0.6345069263386103,0.8042222222222224,0.0,0.9754822610338181,0.024517738966181826,0.9754822610338181,0.024517738966181826,8.332210684487443,0.2,0.27,0.12,0.12258869483090913
7,858527504,record_08_score,all_periods,0,299,0.0906947330735122,0.19039999999999996,0.6372916767928657,0.8096000000000001,0.0,0.9734038716102063,0.026596128389793753,0.9734038716102063,0.026596128389793753,8.274806283677917,0.19999999999999998,0.4,0.24,0.13298064194896878
7,858527504,record_08_score,periods_30_onward,30,299,0.08561969841701976,0.18955555555555556,0.6384948501557031,0.8104444444444444,0.0,0.9780041452055316,0.021995854794468396,0.9780041452055316,0.021995854794468396,8.291769041968264,0.2,0.38,0.24,0.10997927397234197
8,1816437448,record_08_score,all_periods,0,299,0.10123319550035235,0.19799999999999998,0.6331657731709981,0.802,0.0,0.9868966266238999,0.01310337337610009,0.9868966266238999,0.01310337337610009,8.102916526614532,0.19999999999999998,0.3,0.08,0.06551686688050046
8,1816437448,record_08_score,periods_30_onward,30,299,0.09449486826578322,0.19666666666666666,0.6350978224690343,0.8033333333333335,0.0,0.9896825418489483,0.01031745815105188,0.9896825418489483,0.01031745815105188,8.127823193882378,0.2,0.23,0.08,0.05158729075525939
9,3048369334,record_08_score,all_periods,0,299,0.10049958090405216,0.20999999999999996,0.6191881617530347,0.79,0.0,0.9989394509016711,0.0010605490983290838,0.9989394509016711,0.0010605490983290838,7.962346248030807,0.19999999999999998,0.3,0.09,0.00530274549164542
9,3048369334,record_08_score,periods_30_onward,30,299,0.09410392310204624,0.20866666666666667,0.6210619842109536,0.7913333333333336,0.0,0.9999992857306619,7.142693380641896e-07,0.9999992857306619,7.142693380641896e-07,7.968898619424036,0.2,0.24,0.09,3.5713466903209477e-06
10,1400142473,record_08_score,all_periods,0,299,0.10553733405237478,0.18019999999999997,0.6519210319196479,0.8198,0.024000000000000004,0.9764836682101765,0.023516331789823545,0.9764836682101765,0.023516331789823545,8.21405136857827,0.19999999999999998,0.34,0.14,0.11758165894911773
10,1400142473,record_08_score,periods_30_onward,30,299,0.09644838213580956,0.1804444444444444,0.6514996192282455,0.8195555555555557,0.022222222222222223,0.9794399655982545,0.020560034401745492,0.9794399655982545,0.020560034401745492,8.258936579275778,0.2,0.28,0.14,0.10280017200872746
11,2199753328,record_08_score,all_periods,0,299,0.0996903512349981,0.19879999999999998,0.6301773072491189,0.8012,0.024000000000000004,0.9702734951674716,0.029726504832528408,0.9702734951674716,0.029726504832528408,8.26052081919841,0.19999999999999998,0.46,0.28,0.14863252416264205
11,2199753328,record_08_score,periods_30_onward,30,299,0.08896570263897548,0.19844444444444445,0.6305399557183918,0.8015555555555556,0.022222222222222227,0.9782356290204005,0.021764370979599434,0.9782356290204005,0.021764370979599434,8.292210248641988,0.2,0.39,0.25,0.10882185489799717
12,1950944253,record_08_score,all_periods,0,299,0.10503604774718864,0.17779999999999996,0.6549496627654056,0.8222,0.004000000000000001,0.972802630307541,0.027197369692459065,0.972802630307541,0.027197369692459065,8.268413108063198,0.19999999999999998,0.35,0.14,0.13598684846229533
12,1950944253,record_08_score,periods_30_onward,30,299,0.09739047689948266,0.17688888888888885,0.6561828989251512,0.8231111111111111,0.0,0.976977421397215,0.023022578602785053,0.976977421397215,0.023022578602785053,8.296870928324209,0.2,0.28,0.14,0.11511289301392526
13,1439800847,record_08_score,all_periods,0,299,0.09375306555421749,0.21439999999999998,0.6128649373127871,0.7856000000000001,0.0,0.9537514306237506,0.04624856937624937,0.9537514306237506,0.04624856937624937,8.54506100709767,0.19999999999999998,0.33,0.13,0.23124284688124686
13,1439800847,record_08_score,periods_30_onward,30,299,0.08839349363391694,0.2111111111111111,0.6173139068266821,0.7888888888888889,0.0,0.9588596627520669,0.04114033724793305,0.9588596627520669,0.04114033724793305,8.577970598971948,0.2,0.28,0.13,0.20570168623966523
14,1699023239,record_08_score,all_periods,0,299,0.09756534360406373,0.1734,0.6568903530138879,0.8266000000000001,0.038000000000000006,0.9855017199952623,0.014498280004737686,0.9855017199952623,0.014498280004737686,8.071982345784267,0.19999999999999998,0.36,0.2,0.07249140002368844
14,1699023239,record_08_score,periods_30_onward,30,299,0.09456720253099085,0.17177777777777778,0.6592096396963925,0.8282222222222222,0.03555555555555556,0.9911670218184963,0.008832978181503666,0.9911670218184963,0.008832978181503666,8.094656204044785,0.2,0.33,0.19,0.04416489090751833
15,744304938,record_08_score,all_periods,0,299,0.10489383915453318,0.21639999999999995,0.6067937053491755,0.7836000000000001,0.004000000000000001,0.9815237123600244,0.018476287639975646,0.9815237123600244,0.018476287639975646,8.098871117995166,0.19999999999999998,0.3,0.1,0.09238143819987824
15,744304938,record_08_score,periods_30_onward,30,299,0.09364299090449084,0.2157777777777778,0.6071788730320713,0.7842222222222225,0.0,0.987717487654358,0.012282512345641988,0.987717487654358,0.012282512345641988,8.147881952763829,0.2,0.23,0.09,0.061412561728209934
16,3332357462,record_08_score,all_periods,0,299,0.09402600293236972,0.2038,0.623400828060966,0.7962000000000002,0.0020000000000000005,0.967535204671676,0.032464795328323956,0.967535204671676,0.032464795328323956,8.379397550767159,0.19999999999999998,0.32,0.12,0.1623239766416198
16,3332357462,record_08_score,periods_30_onward,30,299,0.09070016228816105,0.20333333333333337,0.6241681009432966,0.7966666666666669,0.0,0.9723411933623369,0.027658806637663107,0.9723411933623369,0.027658806637663107,8.37890553361456,0.2,0.27,0.12,0.13829403318831554
17,2607616949,record_08_score,all_periods,0,299,0.08902262694400201,0.2088,0.615327149921237,0.7912000000000001,0.0,0.9797629762570813,0.020237023742918837,0.9797629762570813,0.020237023742918837,8.189611987628577,0.19999999999999998,0.3,0.09,0.1011851187145942
17,2607616949,record_08_score,periods_30_onward,30,299,0.08440551737474974,0.208,0.6163218262587213,0.7920000000000003,0.0,0.9842051315208608,0.01579486847913924,0.9842051315208608,0.01579486847913924,8.19833706630376,0.2,0.23,0.09,0.07897434239569619
18,2785588446,record_08_score,all_periods,0,299,0.10109408765588235,0.17559999999999998,0.6533340915604624,0.8244,0.0020000000000000005,0.9798795289497407,0.02012047105025941,0.9798795289497407,0.02012047105025941,8.136300386174572,0.19999999999999998,0.41,0.23,0.10060235525129706
18,2785588446,record_08_score,periods_30_onward,30,299,0.09526298154482023,0.17444444444444443,0.6550689657383401,0.8255555555555556,0.0,0.9856331764585531,0.014366823541446982,0.9856331764585531,0.014366823541446982,8.167129621047867,0.2,0.36,0.23,0.0718341177072349
19,2326026774,record_08_score,all_periods,0,299,0.1053910338166867,0.19099999999999995,0.6404590267536039,0.8090000000000002,0.0,0.9787193421300803,0.021280657869919846,0.9787193421300803,0.021280657869919846,8.210027696162694,0.19999999999999998,0.34,0.12,0.10640328934959924
19,2326026774,record_08_score,periods_30_onward,30,299,0.09534446456530159,0.19044444444444444,0.641096955871913,0.8095555555555558,0.0,0.9824042588331169,0.01759574116688298,0.9824042588331169,0.01759574116688298,8.240089732282271,0.2,0.27,0.12,0.0879787058344149
20,1190556536,record_08_score,all_periods,0,299,0.09864010728965625,0.19659999999999997,0.6338150073202478,0.8034,0.0020000000000000005,0.971075684075485,0.028924315924515196,0.971075684075485,0.028924315924515196,8.334500630507861,0.19999999999999998,0.46,0.29,0.144621579622576
20,1190556536,record_08_score,periods_30_onward,30,299,0.0953927555973155,0.19666666666666666,0.6339072310533223,0.8033333333333335,0.0,0.9762619775138632,0.023738022486136844,0.9762619775138632,0.023738022486136844,8.321823053663588,0.2,0.42,0.27,0.11869011243068421
21,1832435812,record_08_score,all_periods,0,299,0.10144682685496159,0.16599999999999998,0.6667650965847204,0.8340000000000001,0.0020000000000000005,0.9757750445466553,0.024224955453344754,0.9757750445466553,0.024224955453344754,8.27831018554887,0.19999999999999998,0.33,0.12,0.12112477726672377
21,1832435812,record_08_score,periods_30_onward,30,299,0.09847040282884972,0.16599999999999998,0.6668142252149971,0.8340000000000001,0.0,0.9794429376095894,0.020557062390410694,0.9794429376095894,0.020557062390410694,8.268888524583879,0.2,0.27,0.12,0.10278531195205347
22,3758733651,record_08_score,all_periods,0,299,0.10198105861299993,0.20879999999999996,0.614478627063039,0.7911999999999999,0.0,0.9838606416451989,0.01613935835480089,0.9838606416451989,0.01613935835480089,8.07489026993807,0.19999999999999998,0.32,0.15,0.08069679177400445
22,3758733651,record_08_score,periods_30_onward,30,299,0.09746638601407397,0.20933333333333332,0.6138846708097699,0.7906666666666667,0.0,0.992299306227771,0.007700693772229131,0.992299306227771,0.007700693772229131,8.072097752219845,0.2,0.27,0.13,0.038503468861145654
23,3826670891,record_08_score,all_periods,0,299,0.09923794354013846,0.20099999999999998,0.6260955560677729,0.7989999999999999,0.0,0.9503185556776693,0.04968144432233064,0.9503185556776693,0.04968144432233064,8.629541335159784,0.19999999999999998,0.29,0.08,0.2484072216116532
23,3826670891,record_08_score,periods_30_onward,30,299,0.09292533750966678,0.20066666666666663,0.6264319294588888,0.7993333333333333,0.0,0.9546711851261838,0.045328814873816084,0.9546711851261838,0.045328814873816084,8.640700872660123,0.2,0.23,0.08,0.2266440743690804
24,332882573,record_08_score,all_periods,0,299,0.10763500211247541,0.1914,0.6368252469199536,0.8086000000000001,0.0,0.9498039756944134,0.050196024305586714,0.9498039756944134,0.050196024305586714,8.484786204095935,0.19999999999999998,0.4,0.25,0.2509801215279336
24,332882573,record_08_score,periods_30_onward,30,299,0.09445231032898413,0.19155555555555556,0.6368457813532494,0.8084444444444446,0.0,0.9593166280292398,0.040683371970760156,0.9593166280292398,0.040683371970760156,8.537959316126814,0.2,0.33,0.22,0.20341685985380076
25,126882987,record_08_score,all_periods,0,299,0.10127902209696467,0.19959999999999997,0.624133222699111,0.8004,0.010000000000000002,0.9778760487602146,0.02212395123978545,0.9778760487602146,0.02212395123978545,8.23381553932744,0.19999999999999998,0.46,0.27,0.11061975619892726
25,126882987,record_08_score,periods_30_onward,30,299,0.09249733652875547,0.19777777777777775,0.6264868908624015,0.8022222222222224,0.00888888888888889,0.9799348553013407,0.02006514469865914,0.9799348553013407,0.02006514469865914,8.275255087224245,0.2,0.4,0.25,0.1003257234932957
26,1811283073,record_08_score,all_periods,0,299,0.09289140700237532,0.19959999999999997,0.6238602703235578,0.8004000000000002,0.0020000000000000005,0.9638077905803698,0.036192209419630146,0.9638077905803698,0.036192209419630146,8.370796809161268,0.19999999999999998,0.44,0.26,0.18096104709815075
26,1811283073,record_08_score,periods_30_onward,30,299,0.0885683761699624,0.19799999999999998,0.626069773861422,0.8020000000000003,0.0,0.9698947252309191,0.030105274769080842,0.9698947252309191,0.030105274769080842,8.380545335286705,0.2,0.39,0.26,0.1505263738454042
27,219745394,record_08_score,all_periods,0,299,0.09987271357069173,0.21819999999999998,0.6082881097623457,0.7818,0.0,0.9785026126092079,0.021497387390792058,0.9785026126092079,0.021497387390792058,8.143588413546386,0.19999999999999998,0.34,0.18,0.1074869369539603
27,219745394,record_08_score,periods_30_onward,30,299,0.09423008635762127,0.2162222222222222,0.6109668100684503,0.7837777777777778,0.0,0.9853686055065347,0.014631394493465441,0.9853686055065347,0.014631394493465441,8.18013278868449,0.2,0.32,0.17,0.0731569724673272
28,3462496116,record_08_score,all_periods,0,299,0.09878496060166168,0.19419999999999996,0.6366655298747329,0.8058000000000002,0.0020000000000000005,0.9644602397915408,0.03553976020845912,0.9644602397915408,0.03553976020845912,8.371752181667866,0.19999999999999998,0.31,0.11,0.17769880104229563
28,3462496116,record_08_score,periods_30_onward,30,299,0.09297904531297152,0.19355555555555556,0.6378323786965582,0.8064444444444446,0.0,0.9716230555863513,0.028376944413648554,0.9716230555863513,0.028376944413648554,8.386508659396993,0.2,0.23,0.1,0.14188472206824276
29,75725724,record_08_score,all_periods,0,299,0.099252377890543,0.2012,0.6302529400053305,0.7988000000000002,0.0,0.9720454758550159,0.027954524144984207,0.9720454758550159,0.027954524144984207,8.29694718742974,0.19999999999999998,0.43,0.25,0.13977262072492105
29,75725724,record_08_score,periods_30_onward,30,299,0.09500760113747991,0.20044444444444445,0.6310854586118894,0.7995555555555558,0.0,0.9761451883083371,0.023854811691662883,0.9761451883083371,0.023854811691662883,8.307097218263769,0.2,0.37,0.24,0.11927405845831442
