source,system,mean_performance,post_minus_pre,mean_demagogue_fraction,status
v3.1_manuscript_reference_not_regenerated,PKD,-0.14,0.024,0.036,reference_only
v3.1_manuscript_reference_not_regenerated,Sortition,-0.869,-0.05,0.052,reference_only
v3.1_manuscript_reference_not_regenerated,Sortition + deliberation,-0.935,-0.029,0.049,reference_only
v3.1_manuscript_reference_not_regenerated,Appeal-based selection baseline,-1.912,-0.789,0.497,reference_only
v3.1_manuscript_reference_not_regenerated,Autocracy,-9.321,-1.192,0.081,reference_only
corrected_specification_run,Appeal-based selection baseline,-2.2116499315052454,-1.3022901245184613,0.7066666666666667,regenerated
corrected_specification_run,Autocracy,-9.106879537965757,-1.480348084581328,0.04933333333333333,regenerated
corrected_specification_run,PKD,-0.1338288745662538,0.017739075621357903,0.034933333333333344,regenerated
corrected_specification_run,Sortition,-0.8753428742689221,-0.041805793258305024,0.050733333333333346,regenerated
corrected_specification_run,Sortition + deliberation,-0.9246069638918861,-0.01586062079360806,0.04986666666666666,regenerated
