run,seed,system,mean_performance,pre_shock_performance,post_shock_performance,post_minus_pre,mean_demagogue_fraction
0,3989585720,Appeal-based selection baseline,-2.6898022898791596,-1.463500287558161,-3.3029532910396595,-1.8394530034814984,0.76
0,3989585720,Autocracy,-14.294893025890755,-18.88599928959422,-11.999339894039023,6.886659395555197,0.0
0,3989585720,PKD,-0.13344175312746054,-0.13600568466950183,-0.1321597873564399,0.0038458973130619245,0.06
0,3989585720,Sortition,-0.8794164976877498,-0.8479850480553524,-0.8951322225039483,-0.04714717444859595,0.057999999999999996
0,3989585720,Sortition + deliberation,-1.0224181396113856,-1.0667230120831726,-1.000265703375492,0.06645730870768052,0.042
1,801546277,Appeal-based selection baseline,-2.1851278451648977,-1.1639248867339682,-2.695729324380362,-1.531804437646394,0.608
1,801546277,Autocracy,-13.21595287185429,-2.4041042767463296,-18.62187716940827,-16.217772892661937,0.16
1,801546277,PKD,-0.1425034764810818,-0.1510583752174416,-0.13822602711290188,0.012832348104539704,0.046
1,801546277,Sortition,-0.9103321991618499,-0.8612026518488244,-0.9348969728183625,-0.0736943209695381,0.054
1,801546277,Sortition + deliberation,-0.9735236103294865,-0.919058233344809,-1.0007562988218255,-0.08169806547701652,0.047999999999999994
2,3348043133,Appeal-based selection baseline,-2.377980286615742,-1.4863584547808852,-2.8237912025331706,-1.3374327477522854,0.736
2,3348043133,Autocracy,-4.324114217058875,-0.8487083424267863,-6.061817154374918,-5.213108811948132,0.16
2,3348043133,PKD,-0.148095805725912,-0.17300963372346176,-0.13563889172713708,0.037370741996324675,0.033999999999999996
2,3348043133,Sortition,-0.941999087665281,-1.015598351319264,-0.9051994558382895,0.11039889548097437,0.04
2,3348043133,Sortition + deliberation,-0.9775561978612548,-0.8956560220892577,-1.0185062857472535,-0.1228502636579959,0.056
3,138730133,Appeal-based selection baseline,-2.208343829800582,-1.4283006082618293,-2.5983654405699594,-1.1700648323081302,0.728
3,138730133,Autocracy,-7.4135670790526245,-1.5607153004112977,-10.339992968373286,-8.779277667961988,0.16
3,138730133,PKD,-0.13607364193392152,-0.14705617649065886,-0.13058237465555286,0.016473801835105994,0.036000000000000004
3,138730133,Sortition,-0.9204793728170391,-0.8848765139543735,-0.9382808022483715,-0.053404288293998015,0.06
3,138730133,Sortition + deliberation,-0.8969987397146311,-0.9014950346091203,-0.8947505922673865,0.0067444423417337696,0.049999999999999996
4,3066239835,Appeal-based selection baseline,-2.3949364557376818,-1.4538880841268245,-2.8654606415431103,-1.4115725574162858,0.704
4,3066239835,Autocracy,-9.30854221060359,-2.4542577951230573,-12.735684418343858,-10.281426623220801,0.16
4,3066239835,PKD,-0.14053147210078354,-0.16216682921760506,-0.1297137935423728,0.03245303567523225,0.064
4,3066239835,Sortition,-0.8351926429373251,-0.7812429996078823,-0.8621674646020463,-0.08092446499416395,0.044
4,3066239835,Sortition + deliberation,-0.8747555895872305,-0.8811384847343336,-0.8715641420136787,0.009574342720654938,0.06199999999999999
5,1060770138,Appeal-based selection baseline,-1.9798603101365968,-1.4483445732641271,-2.2456181785728315,-0.7972736053087044,0.6239999999999999
5,1060770138,Autocracy,-7.360946683406318,-8.93762410068588,-6.572607974766537,2.365016125919343,0.0
5,1060770138,PKD,-0.1326187942115187,-0.1361361709977657,-0.13086010581839522,0.005276065179370487,0.038
5,1060770138,Sortition,-0.8791512720800085,-0.86327844313576,-0.8870876865521328,-0.023809243416372805,0.04
5,1060770138,Sortition + deliberation,-0.9064918219840642,-0.8661805145906781,-0.9266474756807574,-0.06046696109007932,0.052
6,2152009957,Appeal-based selection baseline,-1.8324195020718745,-1.0817657403073049,-2.2077463829541593,-1.1259806426468544,0.736
6,2152009957,Autocracy,-1.9458119560871183,-2.5843490798534727,-1.626543394203941,0.9578056856495318,0.0
6,2152009957,PKD,-0.13210768509706386,-0.1581017962488009,-0.11911062952119533,0.03899116672760558,0.026000000000000002
6,2152009957,Sortition,-0.8627969032143604,-0.7633869583121211,-0.91250187566548,-0.1491149173533589,0.046
6,2152009957,Sortition + deliberation,-0.9397025553793666,-0.9803226066242998,-0.9193925297568998,0.06093007686740004,0.07200000000000001
7,3509338192,Appeal-based selection baseline,-2.0777293007061446,-1.2422287840017439,-2.495479559058345,-1.253250775056601,0.704
7,3509338192,Autocracy,-4.671590227320169,-2.0343993203237916,-5.9901856808183584,-3.955786360494567,0.0
7,3509338192,PKD,-0.13426480771107127,-0.1397529086831144,-0.1315207572250497,0.008232151458064718,0.03
7,3509338192,Sortition,-0.8400689697578364,-0.905412556409043,-0.807397176432233,0.09801537997680998,0.047999999999999994
7,3509338192,Sortition + deliberation,-0.885696697933356,-0.9124466609791797,-0.8723217164104443,0.04012494456873539,0.06
8,458812913,Appeal-based selection baseline,-1.706646442503614,-1.0540892410845013,-2.0329250432131705,-0.9788358021286692,0.7279999999999999
8,458812913,Autocracy,-12.069161101507621,-11.881921799158624,-12.162780752682124,-0.28085895352350043,0.0
8,458812913,PKD,-0.12978442330585435,-0.14440445538793012,-0.12247440726481644,0.02193004812311368,0.026000000000000002
8,458812913,Sortition,-0.8341703759409753,-0.7943522471841594,-0.8540794403193831,-0.05972719313522368,0.05
8,458812913,Sortition + deliberation,-1.0042425931641954,-0.933242095991486,-1.03974284175055,-0.1065007457590641,0.05
9,2246581313,Appeal-based selection baseline,-2.3022068803689786,-1.5862545219153596,-2.6601830595957883,-1.0739285376804286,0.744
9,2246581313,Autocracy,-6.643558538131694,-8.668562987671235,-5.631056313361923,3.037506674309312,0.0
9,2246581313,PKD,-0.12225400480221679,-0.11768376630366335,-0.12453912405149352,-0.006855357747830165,0.026000000000000002
9,2246581313,Sortition,-0.8573382898782459,-0.7466069038703792,-0.9127039828821794,-0.16609707901180015,0.046
9,2246581313,Sortition + deliberation,-0.9045763047563053,-0.8470487624731097,-0.9333400758979034,-0.08629131342479368,0.041999999999999996
10,1498890623,Appeal-based selection baseline,-1.8596541883082054,-1.1190732200243725,-2.229944672450122,-1.1108714524257495,0.736
10,1498890623,Autocracy,-10.274299836884015,-17.898361362647545,-6.462269074002251,11.436092288645295,0.0
10,1498890623,PKD,-0.1347160618846236,-0.1473870420529056,-0.1283805718004826,0.019006470252422997,0.026000000000000002
10,1498890623,Sortition,-0.7911104843936921,-0.7869634655611212,-0.7931839938099778,-0.0062205282488566604,0.04
10,1498890623,Sortition + deliberation,-0.8601747620158939,-0.8881312307036628,-0.8461965276720094,0.041934703031653475,0.07599999999999998
11,1707701681,Appeal-based selection baseline,-2.2454514482197565,-1.1464002459981915,-2.7949770493305386,-1.6485768033323471,0.7439999999999999
11,1707701681,Autocracy,-4.826621295011125,-2.6603246396652884,-5.909769622684045,-3.249444983018756,0.0
11,1707701681,PKD,-0.12496059184986204,-0.12229143974262131,-0.1262951679034824,-0.0040037281608611,0.028000000000000008
11,1707701681,Sortition,-0.8787438585502291,-0.8958830619743233,-0.8701742568381815,0.02570880513614182,0.052000000000000005
11,1707701681,Sortition + deliberation,-1.0371089870941472,-1.0110150606934472,-1.0501559502944973,-0.03914088960105011,0.06
12,3527996547,Appeal-based selection baseline,-2.143706956243149,-1.2534611736418486,-2.5888298475437987,-1.3353686739019501,0.6639999999999999
12,3527996547,Autocracy,-9.578632734022149,-8.20894912585612,-10.263474538105168,-2.0545254122490473,0.0
12,3527996547,PKD,-0.13792131850268077,-0.16696823682459325,-0.12339785934172454,0.04357037748286871,0.044
12,3527996547,Sortition,-0.8743510278902817,-0.9032162262415162,-0.8599184287146647,0.04329779752685148,0.057999999999999996
12,3527996547,Sortition + deliberation,-0.956589771599062,-0.9871363623193653,-0.9413164762389105,0.04581988608045484,0.044000000000000004
13,407047238,Appeal-based selection baseline,-2.3567359870076645,-1.371390642300827,-2.8494086593610835,-1.4780180170602564,0.744
13,407047238,Autocracy,-11.62810705629414,-11.133231644748872,-11.875544762066774,-0.7423131173179023,0.04
13,407047238,PKD,-0.1303478641482857,-0.14089239490612848,-0.12507559876936425,0.015816796136764233,0.02
13,407047238,Sortition,-0.8251601200739526,-0.9065277635851393,-0.7844762983183593,0.12205146526678001,0.046
13,407047238,Sortition + deliberation,-0.9388863349071153,-0.9182916104910871,-0.9491836971151291,-0.03089208662404197,0.036000000000000004
14,3834996606,Appeal-based selection baseline,-2.816308814255589,-1.6043833060186738,-3.4222715683740477,-1.8178882623553738,0.696
14,3834996606,Autocracy,-9.765041038303911,-1.9321553870556667,-13.681483863928035,-11.749328476872368,0.0
14,3834996606,PKD,-0.14115303655204262,-0.17188295748370486,-0.1257880760862115,0.04609488139749335,0.028
14,3834996606,Sortition,-0.8510618290412365,-0.9174056959664153,-0.8178898955786471,0.0995158003877682,0.054
14,3834996606,Sortition + deliberation,-0.89662201961874,-0.7878287407210149,-0.9510186590676026,-0.1631899183465877,0.062000000000000006
15,2771129504,Appeal-based selection baseline,-1.5577729001329363,-0.8650149319486984,-1.9041518842250555,-1.0391369522763572,0.704
15,2771129504,Autocracy,-8.219995361972874,-7.7707939873476475,-8.444596049285487,-0.6738020619378391,0.0
15,2771129504,PKD,-0.13538784183962363,-0.1558978930134931,-0.1251328162526889,0.0307650767608042,0.024
15,2771129504,Sortition,-0.8424136100808177,-0.7650250172399409,-0.881107906501256,-0.11608288926131516,0.04800000000000001
15,2771129504,Sortition + deliberation,-1.0000730504365156,-1.121864532843152,-0.9391773092331978,0.18268722360995426,0.047999999999999994
16,99780864,Appeal-based selection baseline,-1.7469767607150009,-1.222421039300245,-2.0092546214223783,-0.7868335821221333,0.696
16,99780864,Autocracy,-9.827599801155948,-16.814124913762544,-6.334337244852649,10.479787668909896,0.0
16,99780864,PKD,-0.1339269644538396,-0.15415747154911905,-0.12381171090619986,0.03034576064291919,0.022000000000000006
16,99780864,Sortition,-0.8838986641951319,-0.7773471197211748,-0.9371744364321105,-0.15982731671093575,0.052000000000000005
16,99780864,Sortition + deliberation,-0.824445731461559,-0.837166158256563,-0.818085518064057,0.019080640192505993,0.041999999999999996
17,2380162109,Appeal-based selection baseline,-2.1074343214744573,-1.4388722002121355,-2.4417153821056177,-1.0028431818934822,0.6719999999999999
17,2380162109,Autocracy,-6.689956533693115,-9.775521771800216,-5.147173914639564,4.6283478571606524,0.0
17,2380162109,PKD,-0.12782009258010968,-0.12062205762184453,-0.13141911005924223,-0.010797052437397703,0.04
17,2380162109,Sortition,-0.9173462720180332,-0.8603470973481931,-0.9458458593529534,-0.08549876200476025,0.044
17,2380162109,Sortition + deliberation,-0.9001014598971206,-0.8328048418206088,-0.9337497689353765,-0.10094492711476777,0.041999999999999996
18,439249927,Appeal-based selection baseline,-2.010209873211113,-1.480970145089939,-2.2748297372716992,-0.7938595921817602,0.704
18,439249927,Autocracy,-9.302024049904215,-12.889686550539496,-7.508192799586575,5.381493750952921,0.16
18,439249927,PKD,-0.13624164493764954,-0.16336081157631838,-0.12268206161831507,0.0406787499580033,0.044000000000000004
18,439249927,Sortition,-0.9075547809108658,-0.8919214252080632,-0.915371458762267,-0.02345003355420383,0.056
18,439249927,Sortition + deliberation,-0.8439924189876135,-0.9060522209696389,-0.8129625179966007,0.0930897029730382,0.03
19,13659965,Appeal-based selection baseline,-1.7534332537210162,-1.227003469296332,-2.016648145933358,-0.7896446766370258,0.632
19,13659965,Autocracy,-12.401863304246772,-10.916074072921235,-13.144757919909537,-2.228683846988302,0.0
19,13659965,PKD,-0.1342365576894543,-0.14489625244679483,-0.12890671031078402,0.01598954213601081,0.03
19,13659965,Sortition,-0.8885557279463329,-0.8154170586491102,-0.925125062594944,-0.1097080039458338,0.06
19,13659965,Sortition + deliberation,-0.9077842220826106,-0.875052143901183,-0.9241502611733244,-0.04909811727214142,0.05199999999999999
20,2464556929,Appeal-based selection baseline,-2.8008603046835097,-1.605548547462677,-3.3985161832939266,-1.7929676358312496,0.704
20,2464556929,Autocracy,-4.120814565066515,-1.9743896598065152,-5.194027017696515,-3.2196373578899995,0.0
20,2464556929,PKD,-0.12585005506177024,-0.12704352517174075,-0.125253320006785,0.0017902051649557604,0.032
20,2464556929,Sortition,-0.8531479892307677,-0.898661186319405,-0.8303913906864492,0.06826979563295577,0.048
20,2464556929,Sortition + deliberation,-0.8061152638773692,-0.77886569220376,-0.8197400497141739,-0.040874357510413906,0.057999999999999996
21,86640530,Appeal-based selection baseline,-1.8357283725083156,-1.0777340792023757,-2.2147255191612856,-1.1369914399589098,0.72
21,86640530,Autocracy,-10.22208900767696,-11.630427123985692,-9.517919949522593,2.112507174463099,0.32
21,86640530,PKD,-0.1447600046028711,-0.16329601611991548,-0.13549199884434893,0.027804017275566556,0.044
21,86640530,Sortition,-0.8765135942178677,-0.8898922917236266,-0.8698242454649882,0.02006804625863845,0.056
21,86640530,Sortition + deliberation,-0.9454710062730425,-0.8816049796231359,-0.9774040195979958,-0.09579903997485995,0.046
22,2016900365,Appeal-based selection baseline,-2.0949696060695855,-1.513868866761516,-2.3855199757236196,-0.8716511089621035,0.7279999999999999
22,2016900365,Autocracy,-14.266036609155854,-10.352021349848593,-16.223044238809486,-5.871022888960892,0.0
22,2016900365,PKD,-0.12752002523649697,-0.13353107649545676,-0.12451449960701703,0.009016576888439723,0.038
22,2016900365,Sortition,-0.9196851452529453,-0.8003994801305963,-0.9793279778141201,-0.1789284976835238,0.042
22,2016900365,Sortition + deliberation,-0.9514557138466281,-1.0213062867068534,-0.9165304274165155,0.10477585929033795,0.05
23,1991428657,Appeal-based selection baseline,-2.8639011218990817,-1.5394769667481643,-3.5261131994745405,-1.9866362327263762,0.7279999999999999
23,1991428657,Autocracy,-8.862775326532292,-2.1296496972632135,-12.22933814116683,-10.099688443903617,0.16
23,1991428657,PKD,-0.13356423047489965,-0.14204731651933808,-0.12932268745268044,0.012724629066657639,0.022000000000000006
23,1991428657,Sortition,-0.8598020938092308,-0.7574097184804758,-0.9109982814736083,-0.1535885629931325,0.057999999999999996
23,1991428657,Sortition + deliberation,-0.9707793021317896,-0.9263047545817367,-0.9930165759068162,-0.06671182132507958,0.04
24,2684293621,Appeal-based selection baseline,-2.183506159867093,-1.4938028468965994,-2.528357816352339,-1.0345549694557394,0.8
24,2684293621,Autocracy,-12.82576757642314,-8.735501979303063,-14.87090037498318,-6.135398395680117,0.0
24,2684293621,PKD,-0.13581444671208923,-0.1454290337013491,-0.13100715321745926,0.014421880483889843,0.033999999999999996
24,2684293621,Sortition,-0.8840277047927647,-0.7732413042509354,-0.9394209050636794,-0.16617960081274397,0.068
24,2684293621,Sortition + deliberation,-0.8855136114247834,-0.773867701062771,-0.9413365666057895,-0.16746886554301843,0.05
25,4000895636,Appeal-based selection baseline,-3.1108161623551096,-1.7428949152208468,-3.794776785922242,-2.0518818707013953,0.6719999999999999
25,4000895636,Autocracy,-7.362252653947195,-11.627733575901981,-5.229512192969801,6.398221382932181,0.0
25,4000895636,PKD,-0.13853040517925447,-0.15939967184860232,-0.12809577184458057,0.03130390000402175,0.041999999999999996
25,4000895636,Sortition,-0.8833428720476707,-0.8245417388306551,-0.9127434386561787,-0.08820169982552362,0.047999999999999994
25,4000895636,Sortition + deliberation,-0.9432053863310447,-0.9739795953337359,-0.9278182818296989,0.04616131350403696,0.044
26,1383495471,Appeal-based selection baseline,-2.216575576329432,-1.3350378622426706,-2.6573444333728116,-1.322306571130141,0.7199999999999999
26,1383495471,Autocracy,-7.847368496300492,-4.181029577827931,-9.68053795553677,-5.49950837770884,0.0
26,1383495471,PKD,-0.1256669736335459,-0.12335221292269592,-0.1268243539889709,-0.0034721410662749835,0.04
26,1383495471,Sortition,-0.928633368925608,-0.885830517928942,-0.9500347944239411,-0.06420427649499916,0.05
26,1383495471,Sortition + deliberation,-0.8697215603286107,-0.8443243316586836,-0.8824201746635743,-0.03809584300489066,0.036000000000000004
27,1375709885,Appeal-based selection baseline,-2.0707032159145067,-1.5768469575607165,-2.3176313450914017,-0.7407843875306852,0.736
27,1375709885,Autocracy,-10.25589902035547,-9.727085925072405,-10.520305567997003,-0.7932196429245977,0.0
27,1375709885,PKD,-0.12481900099910183,-0.13332914946108762,-0.12056392676810894,0.012765222692978681,0.036000000000000004
27,1375709885,Sortition,-0.8974102131103476,-0.9039610378064957,-0.8941348007622736,0.009826237044222141,0.046
27,1375709885,Sortition + deliberation,-0.9637746394375476,-0.9416649289050447,-0.9748294947037991,-0.033164565798754375,0.05999999999999999
28,779378714,Appeal-based selection baseline,-2.4603681128968518,-1.1847524032813308,-3.098175967704612,-1.913423564423281,0.672
28,779378714,Autocracy,-12.677882959351697,-9.674822367964238,-14.179413255045429,-4.504590887081191,0.0
28,779378714,PKD,-0.13539489013073644,-0.14539677790023262,-0.13039394624598838,0.015002831654244236,0.033999999999999996
28,779378714,Sortition,-0.8130568714517719,-0.75355688489282,-0.842806864731248,-0.08924997983842797,0.05
28,779378714,Sortition + deliberation,-0.9321240109914076,-0.9978920251587151,-0.8992400039077537,0.0986520212509614,0.032
29,4084647254,Appeal-based selection baseline,-2.359331666359732,-1.0960864535452783,-2.9909542727669582,-1.89486781922168,0.6559999999999998
29,4084647254,Autocracy,-11.003221001761725,-13.306897442033158,-9.85138278162601,3.4555146604071485,0.16
29,4084647254,PKD,-0.13455836602179228,-0.14309061511688576,-0.13029224147424553,0.01279837364264022,0.033999999999999996
29,4084647254,Sortition,-0.9235243889874429,-0.9526795973454577,-0.9089467848084357,0.04373281253702199,0.06
29,4084647254,Sortition + deliberation,-0.9183074136927015,-0.9125318754108112,-0.9211951828336467,-0.008663307422835498,0.054000000000000006
