run,seed,condition,loss,represented_population_share,representation_js_divergence,representation_total_variation,demagogue_fraction,final_record_weight,final_lottery_weight,effective_record_weight,effective_lottery_weight,effective_input_count,lottery_seat_share
0,3256145307,baseline_observed,0.1418954064294421,0.28580000000000005,0.5233710152636895,0.7142000000000003,0.0,0.8985363299967374,0.10146367000326276,0.8985516527647366,0.10144834723526355,5.835636455182268,0.5
1,926503245,baseline_observed,0.14473125532685002,0.28,0.5308594795687639,0.72,0.0,0.9208683413213505,0.07913165867864934,0.9210159476934895,0.0789840523065104,5.55877445189858,0.5
2,1263450924,baseline_observed,0.12567651601825233,0.27740000000000004,0.5364227831630831,0.7226000000000002,0.0,0.849598475638007,0.1504015243619931,0.8496923183238695,0.1503076816761304,6.357932891015865,0.5
3,1463822826,baseline_observed,0.14943598487709725,0.26320000000000005,0.5479002587322588,0.7368000000000001,0.004000000000000001,0.8847114542444543,0.11528854575554562,0.8848976672993422,0.11510233270065787,5.778597649038201,0.5
4,3438577879,baseline_observed,0.1267279207050754,0.2756,0.5383999080163588,0.7244000000000002,0.0,0.8114371353909491,0.1885628646090508,0.8113203176920931,0.1886796823079068,6.5555997295937845,0.5
5,3800870049,baseline_observed,0.12602171819353686,0.29680000000000006,0.519580484193225,0.7032000000000002,0.0020000000000000005,0.8345758293167455,0.16542417068325452,0.834825455291777,0.1651745447082229,6.433877716161329,0.5
6,512931241,baseline_observed,0.13290723514352454,0.26580000000000004,0.5460800247388362,0.7342,0.0,0.895471311131148,0.10452868886885197,0.8955328945736998,0.1044671054263002,5.925951539172676,0.5
7,858527504,baseline_observed,0.13301603061051107,0.2542,0.554596278125111,0.7458,0.0,0.8957695899115752,0.10423041008842489,0.8959337128604452,0.10406628713955471,5.849026610353063,0.5
8,1816437448,baseline_observed,0.13053692555051918,0.2518,0.5632186494337398,0.7482000000000001,0.0,0.8354063361245723,0.16459366387542781,0.8354717678483312,0.16452823215166873,6.396370210265568,0.5
9,3048369334,baseline_observed,0.13313015241489737,0.26700000000000007,0.5455605836076832,0.7330000000000001,0.0,0.8776876286255124,0.12231237137448758,0.8775961548147679,0.12240384518523201,6.085295793282446,0.5
10,1400142473,baseline_observed,0.13205494966542347,0.22860000000000005,0.5876800815223301,0.7714000000000001,0.09999999999999999,0.873723871494818,0.1262761285051819,0.8734909001914691,0.12650909980853076,6.107022936751034,0.5
11,2199753328,baseline_observed,0.13648185287036346,0.26,0.5511684683998616,0.7400000000000002,0.052,0.9026588140759338,0.0973411859240661,0.9030145223008345,0.09698547769916553,5.884917405014133,0.5
12,1950944253,baseline_observed,0.13225042501555806,0.2298,0.5856247473171624,0.7702,0.008000000000000002,0.829042989230121,0.17095701076987904,0.8292188169408871,0.1707811830591129,6.582215983658214,0.5
13,1439800847,baseline_observed,0.13765943752111537,0.2872,0.5214931463079951,0.7128000000000001,0.0,0.8595910638209616,0.14040893617903827,0.8595853500133139,0.14041464998668596,6.291798790576607,0.5
14,1699023239,baseline_observed,0.1401866988039569,0.23179999999999998,0.5808888169114736,0.7682,0.08399999999999999,0.9082831705773746,0.09171682942262532,0.9082625930257404,0.09173740697425949,5.657708951074492,0.5
15,744304938,baseline_observed,0.1295183613283855,0.2664,0.5426887979011914,0.7336,0.0,0.8231164726173117,0.1768835273826883,0.8232777428256907,0.17672225717430937,6.368265883182958,0.5
16,3332357462,baseline_observed,0.13262275954608593,0.2778,0.5300122862901767,0.7222000000000001,0.0,0.8766045005600751,0.12339549943992495,0.8766417668675638,0.12335823313243592,6.152244265984499,0.5
17,2607616949,baseline_observed,0.11799679427709425,0.2564,0.5536374681632543,0.7436000000000001,0.0,0.8422719536958112,0.1577280463041887,0.8421609815023701,0.15783901849762988,6.386981841913282,0.5
18,2785588446,baseline_observed,0.14429561768657814,0.23020000000000002,0.5823110127348133,0.7698,0.0,0.9269086358069213,0.07309136419307861,0.9270068621113936,0.07299313788860635,5.582799755351194,0.5
19,2326026774,baseline_observed,0.14930102890928415,0.26360000000000006,0.5493369035389531,0.7364,0.0,0.9237394623406908,0.0762605376593092,0.923930684943624,0.07606931505637607,5.659919797130393,0.5
20,1190556536,baseline_observed,0.13675583360636054,0.2604,0.5503635769781965,0.7396,0.0020000000000000005,0.8868224512536032,0.11317754874639685,0.8869135472721916,0.11308645272780822,6.0351581722803225,0.5
21,1832435812,baseline_observed,0.14276145927735123,0.21859999999999993,0.5963594138976134,0.7814000000000001,0.008000000000000002,0.8912457365905576,0.1087542634094423,0.8909749115908103,0.10902508840918959,5.94589607532479,0.5
22,3758733651,baseline_observed,0.1230733618232541,0.2634,0.5464732107452699,0.7366,0.0,0.7889656161155837,0.21103438388441625,0.7888401848435573,0.2111598151564427,6.678685476045135,0.5
23,3826670891,baseline_observed,0.1319630303505052,0.26000000000000006,0.5497994025691075,0.74,0.0,0.8628141625297966,0.1371858374702032,0.8628427878199099,0.13715721218009,6.261620263371415,0.5
24,332882573,baseline_observed,0.13040546787771187,0.2464,0.5650074944672838,0.7536,0.0,0.8261175123332011,0.17388248766679892,0.8261743675407267,0.1738256324592731,6.3919356753553,0.5
25,126882987,baseline_observed,0.13893001843804148,0.258,0.5497474037808009,0.7420000000000001,0.05,0.8795733844585713,0.12042661554142886,0.8794328418985318,0.12056715810146805,5.9496067799953,0.5
26,1811283073,baseline_observed,0.1260944487322864,0.2516,0.5579721055633483,0.7484000000000002,0.0020000000000000005,0.8291376497724536,0.17086235022754634,0.8293223360906155,0.17067766390938444,6.389135211318476,0.5
27,219745394,baseline_observed,0.13828424549934978,0.2992,0.5102878184653148,0.7008000000000001,0.018000000000000002,0.8744274168731371,0.12557258312686287,0.8745622382945109,0.125437761705489,5.966822820738286,0.5
28,3462496116,baseline_observed,0.1310766355453679,0.25140000000000007,0.5630070823957023,0.7486,0.0020000000000000005,0.8505691382055947,0.14943086179440532,0.850644842079291,0.14935515792070897,6.185823734322433,0.5
29,75725724,baseline_observed,0.13701352484926937,0.25020000000000003,0.5658976266656989,0.7498000000000001,0.0,0.8604156074336148,0.13958439256638533,0.860302174374425,0.13969782562557506,6.071478275113289,0.5
