artifact,input,generator
all_condition_estimates.csv,raw/*/run_summary.csv,analyze_preprint.py
artifact_map.csv,raw/*/run_summary.csv,analyze_preprint.py
component_paired_loss_changes.csv,raw/*/run_summary.csv,analyze_preprint.py
election_minus_pkd_loss.csv,raw/*/run_summary.csv,analyze_preprint.py
election_weight_paired_changes.csv,raw/*/run_summary.csv,analyze_preprint.py
figure1_baseline.pdf,raw/*/run_summary.csv,analyze_preprint.py
figure1_baseline.png,raw/*/run_summary.csv,analyze_preprint.py
figure2_components.pdf,raw/*/run_summary.csv,analyze_preprint.py
figure2_components.png,raw/*/run_summary.csv,analyze_preprint.py
figure3_election.pdf,raw/*/run_summary.csv,analyze_preprint.py
figure3_election.png,raw/*/run_summary.csv,analyze_preprint.py
figure4_scoring.pdf,raw/*/run_summary.csv,analyze_preprint.py
figure4_scoring.png,raw/*/run_summary.csv,analyze_preprint.py
figure5_gaming.pdf,raw/*/run_summary.csv,analyze_preprint.py
figure5_gaming.png,raw/*/run_summary.csv,analyze_preprint.py
figureS1_shock.pdf,raw/*/run_summary.csv,analyze_preprint.py
figureS1_shock.png,raw/*/run_summary.csv,analyze_preprint.py
results.json,raw/*/run_summary.csv,analyze_preprint.py
shock_paired_did_loss.csv,raw/*/run_summary.csv,analyze_preprint.py
