condition,mean,low,high,n,mcse
election_weight_0,1.52648399219357,1.4669675099202104,1.5860004744669296,30,0.0291001465299014
election_weight_0.25,0.4576582958325775,0.4239009423062159,0.4914156493589391,30,0.016505409872292112
election_weight_0.5,0.13246685689640256,0.12298871703686025,0.14194499675594488,30,0.004634266814976725
election_weight_0.75,0.07767604485675127,0.06939612772623607,0.08595596198726646,30,0.004048404619190414
election_weight_1,0.09071919129498837,0.07678052781085741,0.10465785477911933,30,0.006815207054008931
electoral_information_noise_0.25,0.18647278852329377,0.1749545307258143,0.19799104632077325,30,0.005631767484784044
electoral_information_noise_1,0.3488992997094068,0.33332618222302246,0.36447241719579115,30,0.007614361324308383
electoral_information_noise_2,0.599075004453401,0.5639551936949472,0.6341948152118548,30,0.017171573321141567
electoral_media_amplification_0.25,0.19539374338995186,0.18058045677816742,0.2102070300017363,30,0.007242847603332012
electoral_media_amplification_1,0.3358651754551062,0.3120264517429245,0.3597038991672879,30,0.011655768731829748
electoral_media_amplification_2,0.5658484586167061,0.5175823423109261,0.614114574922486,30,0.02359936278620013
matched_record_selection,0.002699840219156878,-0.006281622730418266,0.011681303168732024,30,0.004391420290686549
