system,mean,low,high,n,mcse
Appeal-based selection baseline,1.2329679589534632,1.032870607943048,1.4330653099638784,30,0.09783612895506423
Autocracy,0.2866811067109599,0.08061809687983898,0.49274411654208083,30,0.10075299398469731
Direct public-indicator policy,0.0,0.0,0.0,30,0.0
PKD,1.0616693707755457e-05,1.2046017050134026e-06,2.002878571049751e-05,30,4.601973200880958e-06
Population equal mean,0.0032465767589429195,0.002741922748017847,0.003751230769867992,30,0.00024674686916762795
Population score weighted,1.8318186611591265e-05,1.6411217893471352e-05,2.0225155329711177e-05,30,9.323983374949448e-07
Sortition,0.0301012862527281,0.02749371761200931,0.03270885489344689,30,0.0012749515198692783
Sortition + deliberation,0.03534762549496081,0.03154083112707462,0.039154419862847,30,0.0018613041242237112
Voter-aggregated election,0.13231038575768622,0.11175572292280428,0.15286504859256816,30,0.010050051305460326
