label,distinct_setting_id,config_sha256,representative_label,labels_for_setting
baseline,1,ad7abb468ffbf8393c6a7333c9aa9faffc84b1595f5a90a8dc20c8923ee5bd80,baseline,1
shock_absent,2,39dfbdcc7bb8fa4f9c5e7db9909a607b8a43d69736ba361f7ce54069883b764c,shock_absent,1
no_deliberation,3,dd8f1078a417451e957bb16f278d7d1a0b95b8760cf75457d7b597f7e39a93e8,no_deliberation,1
record_only_10,4,395be8c19b96cf26830710420dc6c7e30b5f6e37119b8f3373445e9d59d54202,record_only_10,1
record_only_5,5,9faf67a1646642800632492b96ba7a7ec536d49d6507891d928c6a8df1d8e50d,record_only_5,1
lottery_only_10,6,2b7b2683a126a083f67e110424ef81ace2c9e2051f9e8896e0fd29c17a03c25a,lottery_only_10,1
uniform_lottery,7,25e925c3d23f1dab8416117d89de90c575651fc4d9ff80659caaf1acd58fd95c,uniform_lottery,1
screened_lottery,8,4b924f7cd2a268fba6e99e8962f147b9ae3ee307372e182d1581804ac1becfb0,screened_lottery,1
equal_weights,9,d76564dc54786743cc90cdc02b7697e732e4c28ee809045d692611ca1ab89250,equal_weights,1
frozen_after_100,10,c9673a822431f83ba619814a99d5476a41dda4b5cfb388c69a8ed0f585a22513,frozen_after_100,1
election_weight_0,11,3deeb0a74cfe1b136b437bd633f7041b1750a76ab3834d2db7b4d77c266d3859,election_weight_0,1
election_weight_0.25,12,3c23fd54c86a98f1aadec791fa13c044c32de11f8de20e2297573307270498cc,election_weight_0.25,1
election_weight_0.5,13,bb1c8219606b7afff9199485789b73c9fb3665cb4991d6d764b8e21689ea561f,election_weight_0.5,1
election_weight_0.75,14,ae368e6800a34346bec6bc4b3d7786d05644bfb16c2dae65d16610d3b1786215,election_weight_0.75,1
election_weight_1,15,2f7ce593cbe541b7e5c85402f5bbcc9df843ce21be4e0c1cd621f5260a63e10f,election_weight_1,1
electoral_information_noise_0.25,16,a318dee4a8dd3b10ce51f3597af83f83ae2959883768f6e93a3d4740d8374f85,electoral_information_noise_0.25,1
electoral_information_noise_1,17,b213f1dc3443914a08c504f284effdb8d77a508d23b81ccb51b18310734e52d1,electoral_information_noise_1,1
electoral_information_noise_2,18,4db6e7680f4c47c1c70d0f03d637438e7c076c144219c51700b930df2dd1b97b,electoral_information_noise_2,1
electoral_media_amplification_0.25,19,604db7bb90ccf076ea239d108f018938ca0050e1432b8fbd3623c1858128fb52,electoral_media_amplification_0.25,1
electoral_media_amplification_1,20,d3bdf16af2b2a97939e39f3f274b3ec61129c9733eb6a11c916e4b73a3bdc216,electoral_media_amplification_1,1
electoral_media_amplification_2,21,5dc80b332877560992e46c022d2d2d07dbaebab239e7974f55691c767125ebb1,electoral_media_amplification_2,1
matched_record_selection,22,4d9494a1f9dffd1649736880338af1914649a54e497e9ad35623db0955b3dd34,matched_record_selection,1
proxy_noise_0.5,23,fee84c46456a1dc7337e554c68111311497c7036be8bb14b9e1167cc46829073,proxy_noise_0.5,1
proxy_noise_1,24,392b844dd3577f6375e9f33b18043fa1c99326308c2849c9d3f10d6275456623,proxy_noise_1,1
proxy_noise_2,25,f825bcbc49d6673eccf40bbe6f54998a07d0199a97d185d0da31b3d72ceacf48,proxy_noise_2,1
feedback_delay_3,26,600fd573411162d2d516981233fef119b8604e2e9ebd876a286d9f9817e1cd96,feedback_delay_3,1
feedback_delay_12,27,b10a9043da39c582d701e28ac77af35a08a09ddd6d9729e1bc28943ada5f8191,feedback_delay_12,1
feedback_delay_24,28,3e5e4f6bdc73bbc8986e6451716b9d803811cea3775ff6ef28d19197efe2b07a,feedback_delay_24,1
scored_dimensions_1,29,087345452039e08a1777cf78f218e9f3558bf0031dba746058901b0ddcead225,scored_dimensions_1,1
scored_dimensions_3,30,c1479265a8632622e76067cf24a8edaf90556232d1cc716691c7ede44a58bb3d,scored_dimensions_3,1
scored_dimensions_5,31,8994ecfb6a98cccba273fb13905948294bf181ad83c809c20f26971f7f199d76,scored_dimensions_5,1
expert_noise_0.6,32,131c563577de078d9e077aca10cc9b79efd2a945a41260c95408a96e18612a14,expert_noise_0.6,1
expert_noise_0.9,33,38f444c61ebec53b82fbcc3716fbf67a5c3ccc1d5ce2e8a98476ebb981a4ac79,expert_noise_0.9,2
interaction_noise_0_delay_0,33,38f444c61ebec53b82fbcc3716fbf67a5c3ccc1d5ce2e8a98476ebb981a4ac79,expert_noise_0.9,2
track_decay_0.5,34,debda6788b529138f938d5bfcc3fa3cab453fc577c2c9ebaef6191b13fef67e3,track_decay_0.5,1
track_decay_0.99,35,c3853885ba86d44ad0e389d17c47977b671f8068d2933bd5a5b0994ca26c9cd7,track_decay_0.99,1
n_dim_2,36,c87868990d0e4011c4bea6052d044c6894cc5859a6901d8075fb25a90ff01c1d,n_dim_2,1
n_dim_20,37,2182779d805c80b8071727199c3c428bfc3721f5281ccd5a9c90c56ef0abb877,n_dim_20,1
regime_change_prob_0,38,d616c912bd4c33c0d5bd8b53c7a5d1dde2aa8ec07254b8b30844a92d0281c89c,regime_change_prob_0,1
regime_change_prob_0.1,39,32d9cd97a9941d5fccd4a943ad152ba808f5cbf84dcfc35ac566ab9358552d82,regime_change_prob_0.1,1
demagogue_bias_norm_0,40,01d2f815e09a04f99bfc8cbcfb24751f28c5b6dc123bc5853ce05dd026d7a286,demagogue_bias_norm_0,1
demagogue_bias_norm_3,41,a55b368a05835f27044e010cca0811171c92f7f6b50f59a36424d1a12e761ad4,demagogue_bias_norm_3,1
demagogue_fraction_0.15,42,dc9779b2d7a1666222388607e4d8485f4b65137fba995e588c9b03a18f089b56,demagogue_fraction_0.15,1
demagogue_fraction_0.3,43,7a33569574e0ede3030d126d80b03a128e3bf5e5d1befb5cb75d099fd9950d3f,demagogue_fraction_0.3,1
independent_herding,44,ed9a11f79c5133c25f4d518d029a0772865da61ed62a5a60bc4da663755bd956,independent_herding,1
coordinated_herding,45,8d03feda41be1e41cc36c4f4d84270778c234d4b8694e2a3ce19641814aaaddc,coordinated_herding,1
indicator_targeting_0,46,d72377e3c12f7ade195d7e412f82b6d67ae48e835751ac6cce35df4b75997cff,indicator_targeting_0,1
indicator_targeting_0.5,47,9cea9b320c3f0198351b1e5e19f20792974291e5bdeebacc6a3eb86f39ffb596,indicator_targeting_0.5,1
indicator_targeting_1,48,f07893fbdf8aab66b59a6492e7614f889be0369277e4d10553a6768569d94739,indicator_targeting_1,1
indicator_targeting_firewall_0,49,35d65ab4c4d27db09eac40520bf57c2093c5c5d1170d4fb511a6518c662996d7,indicator_targeting_firewall_0,1
indicator_targeting_firewall_0.5,50,54bbf86b6a1ef140ca9ccce058930f3c25ff94d5153be4976f05027933bd69f0,indicator_targeting_firewall_0.5,1
indicator_targeting_firewall_1,51,894a6741f3cc8f951363571d0bd0ae7146df88aa7298cad7315ec110f867dfb4,indicator_targeting_firewall_1,1
interaction_noise_0_delay_12,52,e68ef74087eda6b48c84aaab1383643c3acbb71b5d06182a884876cb20a3ce76,interaction_noise_0_delay_12,1
interaction_noise_1_delay_0,53,1f8e8998dd397b8d43bff67b53050a4a11f0566743902808ccee5cf871c0f237,interaction_noise_1_delay_0,1
interaction_noise_1_delay_12,54,0e4932bfd4f30730d83fd775ed55c7a092e07643eb36ed926360079e3a7a435b,interaction_noise_1_delay_12,1
