condition,system,n_dim,metric,mean,low,high,mcse,n_runs
n_dim_2,Appeal-based selection baseline,2,mean squared error per coordinate,0.6090592954068268,0.45331962350657906,0.7647989673070745,0.07614776780657602,30
n_dim_2,Autocracy,2,mean squared error per coordinate,0.4335826987310939,0.3177845596257892,0.5493808378363986,0.056618648937903054,30
n_dim_2,Direct public-indicator policy,2,mean squared error per coordinate,0.0,0.0,0.0,0.0,30
n_dim_2,PKD,2,mean squared error per coordinate,0.0055026679908405365,0.005210811162079322,0.005794524819601751,0.00014270125112057075,30
n_dim_2,Population equal mean,2,mean squared error per coordinate,0.004799651704327707,0.004187888878098918,0.005411414530556495,0.000299116937103875,30
n_dim_2,Population score weighted,2,mean squared error per coordinate,0.0012390188573427783,0.0012005023105946427,0.001277535404090914,1.8832382415488394e-05,30
n_dim_2,Sortition,2,mean squared error per coordinate,0.04546470727468939,0.04354278100608409,0.04738663354329469,0.0009397117218588585,30
n_dim_2,Sortition + deliberation,2,mean squared error per coordinate,0.054374481184166656,0.05179073301091862,0.056958229357414694,0.0012633046773925006,30
n_dim_2,Voter-aggregated election,2,mean squared error per coordinate,0.027978299815607493,0.02583651904195764,0.030120080589257345,0.0010472079660533706,30
baseline,Appeal-based selection baseline,10,mean squared error per coordinate,0.22092187164780666,0.20702061683883577,0.23482312645677755,0.006796916357262979,30
baseline,Autocracy,10,mean squared error per coordinate,0.8384582817582046,0.7346122452635535,0.9423043182528557,0.050774756220706624,30
baseline,Direct public-indicator policy,10,mean squared error per coordinate,0.0,0.0,0.0,0.0,30
baseline,PKD,10,mean squared error per coordinate,0.013442683656310161,0.013162092213335665,0.013723275099284657,0.00013719312354670566,30
baseline,Population equal mean,10,mean squared error per coordinate,0.00875594970392392,0.008671960146457963,0.008839939261389877,4.1066076755261146e-05,30
baseline,Population score weighted,10,mean squared error per coordinate,0.0031538618008669817,0.0031218312536493258,0.0031858923480846376,1.5661100620591237e-05,30
baseline,Sortition,10,mean squared error per coordinate,0.08696402660810046,0.0855659253457429,0.08836212787045802,0.000683591335445184,30
baseline,Sortition + deliberation,10,mean squared error per coordinate,0.09220646273134699,0.09058745880214003,0.09382546666055394,0.0007916000706496248,30
baseline,Voter-aggregated election,10,mean squared error per coordinate,0.06845776746658344,0.06562632421824086,0.07128921071492603,0.0013844133636700267,30
n_dim_20,Appeal-based selection baseline,20,mean squared error per coordinate,0.18231815657476316,0.1754490285128893,0.18918728463663703,0.003358609674124887,30
n_dim_20,Autocracy,20,mean squared error per coordinate,0.8845150470563243,0.7790118475875819,0.9900182465250668,0.05158501387586328,30
n_dim_20,Direct public-indicator policy,20,mean squared error per coordinate,0.0,0.0,0.0,0.0,30
n_dim_20,PKD,20,mean squared error per coordinate,0.015913020941766012,0.01557515142196158,0.016250890461570446,0.00016519881818851095,30
n_dim_20,Population equal mean,20,mean squared error per coordinate,0.009294967480464548,0.009212393550617372,0.009377541410311723,4.037391603667076e-05,30
n_dim_20,Population score weighted,20,mean squared error per coordinate,0.00485132682802171,0.0048126764358622795,0.00488997722018114,1.8897825145506493e-05,30
n_dim_20,Sortition,20,mean squared error per coordinate,0.09206939804674827,0.09091541581826341,0.09322338027523312,0.0005642311282372721,30
n_dim_20,Sortition + deliberation,20,mean squared error per coordinate,0.09265368820740179,0.09120842409422643,0.09409895232057715,0.0007066512646806157,30
n_dim_20,Voter-aggregated election,20,mean squared error per coordinate,0.07218585350514968,0.06925532465650917,0.07511638235379019,0.0014328605396040721,30
