condition,system,start_inclusive,stop_exclusive,periods_per_run,mean,low,high,mcse,n_runs,paired_vs_baseline_mean,paired_vs_baseline_low,paired_vs_baseline_high,paired_vs_baseline_mcse,paired_vs_baseline_n_runs
baseline,PKD,0,300,300,0.1344268365631016,0.1316209221333566,0.13723275099284657,0.0013719312354670585,30,0.0,0.0,0.0,0.0,30
baseline,PKD,0,6,6,0.37017414140617616,0.32639152112323944,0.4139567616891129,0.021407190361900648,30,0.0,0.0,0.0,0.0,30
baseline,PKD,6,30,24,0.12819009496245998,0.122977761177494,0.13340242874742597,0.0025485322907459512,30,0.0,0.0,0.0,0.0,30
baseline,PKD,0,30,30,0.1765869042512032,0.16613915335082968,0.1870346551515767,0.005108351006236598,30,0.0,0.0,0.0,0.0,30
baseline,PKD,30,300,270,0.12974238459775697,0.1271750176459123,0.13230975154960165,0.0012552951995979846,30,0.0,0.0,0.0,0.0,30
baseline,PKD,90,300,210,0.1296081021891012,0.1268634670088361,0.1323527373693663,0.001341969196868801,30,0.0,0.0,0.0,0.0,30
feedback_delay_3,PKD,0,300,300,0.13968597087189474,0.1367438572308246,0.14262808451296488,0.0014385248387081867,30,0.00525913430879313,0.0036282198343749778,0.006890048783211283,0.000797423644181826,30
feedback_delay_3,PKD,0,6,6,0.6262703900668203,0.5514002823378181,0.7011404977958224,0.03660718883916129,30,0.2560962486606442,0.21269555401659762,0.29949694330469073,0.021220450628120967,30
feedback_delay_3,PKD,6,30,24,0.12770630619384968,0.12341472145541943,0.13199789093227993,0.002098338812435319,30,-0.00048378876861029696,-0.005033273114357887,0.004065695577137294,0.002224436929734465,30
feedback_delay_3,PKD,0,30,30,0.22741912296844377,0.2120354283425806,0.24280281759430694,0.007521744409014877,30,0.0508322187172406,0.04140377187707712,0.06026066555740408,0.004609969778421449,30
feedback_delay_3,PKD,30,300,270,0.12993784286116705,0.12716520538994544,0.13271048033238866,0.0013556607112003305,30,0.00019545826341007776,-0.0013182608821761036,0.001709177408996259,0.0007401218495971536,30
feedback_delay_3,PKD,90,300,210,0.12952904772878387,0.12664952498317958,0.13240857047438817,0.001407921480446377,30,-7.905446031730018e-05,-0.0016742494359775243,0.001516140515342924,0.0007799588578213657,30
feedback_delay_12,PKD,0,300,300,0.16469538136331083,0.16006723602617806,0.1693235267004436,0.0022628976432723133,30,0.03026854480020926,0.027308466739526593,0.03322862286089193,0.0014473084096297318,30
feedback_delay_12,PKD,0,6,6,0.7985052110556892,0.7025084951525751,0.8945019269588033,0.04693688861413704,30,0.42833106964951295,0.3605317104780023,0.4961304288210236,0.033149998305721566,30
feedback_delay_12,PKD,6,30,24,0.39430033493068434,0.3613945459072592,0.42720612395410945,0.016089043668031305,30,0.26611023996822436,0.23638209039597644,0.2958383895404723,0.014535360215710696,30
feedback_delay_12,PKD,0,30,30,0.4751413101556852,0.44266885527772265,0.5076137650336477,0.0158771681228428,30,0.2985544059044821,0.2706910669806523,0.32641774482831193,0.013623574756512297,30
feedback_delay_12,PKD,30,300,270,0.13020138927526925,0.127516788873852,0.1328859896766865,0.0013126156330385606,30,0.000459004677512279,-0.0008455164166967233,0.0017635257717212812,0.0006378360000927265,30
feedback_delay_12,PKD,90,300,210,0.1298001950014586,0.12716151644758208,0.1324388735553351,0.0012901624832334037,30,0.00019209281235741023,-0.0013353956011012257,0.0017195812258160464,0.0007468542319119809,30
feedback_delay_24,PKD,0,300,300,0.19349757430184503,0.1867114575423548,0.20028369106133526,0.003318021908001426,30,0.059070737738743426,0.05394805543379903,0.06419342004368782,0.002504697858575243,30
feedback_delay_24,PKD,0,6,6,0.7985052110556892,0.7025084951525751,0.8945019269588033,0.04693688861413704,30,0.42833106964951295,0.3605317104780023,0.4961304288210236,0.033149998305721566,30
feedback_delay_24,PKD,6,30,24,0.7609870876452932,0.6994263981085577,0.8225477771820288,0.03009964664532338,30,0.6327969926828333,0.5746493730101161,0.6909446123555505,0.02843085122318225,30
feedback_delay_24,PKD,0,30,30,0.7684907123273722,0.7153190722913485,0.8216623523633959,0.025997882555905995,30,0.591903808076169,0.5417175561177379,0.6420900600346002,0.02453819899955022,30
feedback_delay_24,PKD,30,300,270,0.1296094478545642,0.12689831657841907,0.13232057913070935,0.0013255877092207854,30,-0.00013293674319275888,-0.0016734073535803638,0.0014075338671948462,0.000753201781674379,30
feedback_delay_24,PKD,90,300,210,0.12976396871997367,0.12690808118015076,0.13261985625979658,0.0013963652203108428,30,0.00015586653087250094,-0.0016617263681515972,0.001973459429896599,0.000888698687707639,30
no_deliberation,PKD,0,300,300,0.13423989914431753,0.1314573465848066,0.13702245170382846,0.0013605086207382376,30,-0.00018693741878411015,-0.00026503901788395263,-0.00010883581968426768,3.8187202791761064e-05,30
no_deliberation,PKD,0,6,6,0.36033458637925325,0.3183904915695163,0.4022786811889902,0.0205082568459153,30,-0.009839555026922804,-0.013654463385151434,-0.0060246466686941745,0.0018652714001595233,30
no_deliberation,PKD,6,30,24,0.1281656635281631,0.12295447418209063,0.1333768528742356,0.0025479727257612067,30,-2.443143429684454e-05,-0.00012253156900920382,7.366870041551474e-05,4.7965339779675505e-05,30
no_deliberation,PKD,0,30,30,0.17459944809838115,0.1645138004252916,0.18468509577147071,0.004931303294906554,30,-0.0019874561528220305,-0.002738238594855228,-0.001236673710788833,0.0003670895563836559,30
no_deliberation,PKD,30,300,270,0.1297555048160882,0.12718579619838008,0.1323252134337963,0.0012564401399094247,30,1.3120218331219569e-05,-4.458883993740845e-06,3.069932065617998e-05,8.595172866079456e-06,30
no_deliberation,PKD,90,300,210,0.1296126741108404,0.12686567389321765,0.13235967432846316,0.0013431255645005497,30,4.571921739225197e-06,-7.058755622876839e-06,1.620259910132723e-05,5.686734204562924e-06,30
record_only_10,PKD,0,300,300,0.08477525221640357,0.08334447668051768,0.08620602775228946,0.0006995671813136418,30,-0.049651584346698044,-0.05253501888623049,-0.0467681498071656,0.0014098341233337909,30
record_only_10,PKD,0,6,6,0.4551290221379522,0.3989203293084872,0.5113377149674172,0.02748282719531303,30,0.08495488073177614,0.021103407575417357,0.1488063538881349,0.031219708457665606,30
record_only_10,PKD,6,30,24,0.07898000298616505,0.07641936367828916,0.08154064229404093,0.001252005767531182,30,-0.04921009197629493,-0.05461054974385619,-0.04380963420873367,0.002640514129225032,30
record_only_10,PKD,0,30,30,0.15420980681652247,0.14377094132011928,0.16464867231292565,0.005104006553277729,30,-0.022377097434680717,-0.0362644490395858,-0.008489745829775635,0.006790118487830917,30
record_only_10,PKD,30,300,270,0.07706030170527925,0.07611282581742906,0.07800777759312943,0.0004632613709148996,30,-0.05268208289247773,-0.055016842071960816,-0.05034732371299464,0.0011415633390920682,30
record_only_10,PKD,90,300,210,0.07708440894916345,0.07604200421587905,0.07812681368244785,0.0005096761321126854,30,-0.052523693239937726,-0.05505231958027483,-0.04999506689960062,0.0012363532623653611,30
record_only_5,PKD,0,300,300,0.16800688997819055,0.163595297443339,0.1724184825130421,0.002157015742374671,30,0.03358005341508899,0.029429394769795655,0.037730712060382324,0.0020294340350774254,30
record_only_5,PKD,0,6,6,0.9301917873026587,0.730620315347196,1.1297632592581215,0.09757900425663478,30,0.5600176458964825,0.3774327431571477,0.7426025486358173,0.08927354609868689,30
record_only_5,PKD,6,30,24,0.15267820425528977,0.14740470485130103,0.15795170365927852,0.0025784387705674416,30,0.024488109292829803,0.020208286747103583,0.028767931838556023,0.002092587774771027,30
record_only_5,PKD,0,30,30,0.3081809208647635,0.26908781273054744,0.3472740289989796,0.01911428786718099,30,0.13159401661356035,0.09611860746486374,0.16706942576225697,0.01734544054021431,30
record_only_5,PKD,30,300,270,0.1524319976574603,0.15079971769312325,0.15406427762179734,0.0007980912904405913,30,0.02268961305970328,0.020485650007343505,0.024893576112063057,0.0010776115341559153,30
record_only_5,PKD,90,300,210,0.1523382787330448,0.15041113949946394,0.15426541796662568,0.0009422605627656144,30,0.0227301765439436,0.020425253183058486,0.025035099904828714,0.0011269753348976546,30
lottery_only_10,PKD,0,300,300,0.26745848042478804,0.2529490908800957,0.28196786996948037,0.00709425936618168,30,0.13303164386168645,0.11923502762575688,0.14682826009761601,0.0067457540961233416,30
lottery_only_10,PKD,0,6,6,0.395360934475077,0.3617630982436263,0.42895877070652766,0.016427415063482012,30,0.025186793068900964,-0.021801910262133597,0.07217549639993552,0.02297478110186011,30
lottery_only_10,PKD,6,30,24,0.26000950988016336,0.24525238226966548,0.27476663749066127,0.007215389072451349,30,0.1318194149177034,0.11551915304572259,0.14811967678968424,0.00796989322674954,30
lottery_only_10,PKD,0,30,30,0.28707979479914614,0.27525034404435345,0.29890924555393883,0.005783922993829338,30,0.11049289054794292,0.09501744409072706,0.1259683370051588,0.007566605792530242,30
lottery_only_10,PKD,30,300,270,0.2652783343831927,0.25011477769530377,0.28044189107108164,0.007414109582372785,30,0.13553594978543573,0.12134482562979199,0.14972707394107948,0.006938645843625496,30
lottery_only_10,PKD,90,300,210,0.2644130345297754,0.24928601434489703,0.2795400547146537,0.007396245327788397,30,0.13480493234067426,0.12051209627243734,0.14909776840891117,0.006988377135651518,30
uniform_lottery,PKD,0,300,300,0.133931069466545,0.1319844402095531,0.13587769872353692,0.0009517900664504379,30,-0.0004957670965566023,-0.003162031849285012,0.0021704976561718074,0.0013036505523888796,30
uniform_lottery,PKD,0,6,6,0.4334364050342864,0.37611188569025444,0.4907609243783183,0.028028402367694827,30,0.06326226362811026,-0.00283271260304295,0.12935723985926345,0.03231665279515084,30
uniform_lottery,PKD,6,30,24,0.12923958738184305,0.12486278198888252,0.13361639277480356,0.002140006825050961,30,0.0010494924193830703,-0.0035809362285500784,0.0056799210673162195,0.002264014051304614,30
uniform_lottery,PKD,0,30,30,0.1900789509123317,0.17824549142679952,0.2019124103978639,0.005785883033258122,30,0.013492046661128512,4.022211950101273e-05,0.02694387120275601,0.006577170731595862,30
uniform_lottery,PKD,30,300,270,0.1276924159725687,0.12642952302993649,0.1289553089152009,0.0006174822213682073,30,-0.002049968625188271,-0.00449073314674671,0.00039079589637016753,0.0011933938719044198,30
uniform_lottery,PKD,90,300,210,0.1277937855871222,0.12619749137119077,0.12939007980305364,0.0007804963232719761,30,-0.0018143166019789635,-0.004137737755732591,0.000509104551774664,0.0011360196947521424,30
equal_weights,PKD,0,300,300,0.4767278779458474,0.44169944489401136,0.5117563109976835,0.017126894863165314,30,0.3423010413827459,0.30925290021573026,0.3753491825497616,0.016158645702276285,30
equal_weights,PKD,0,6,6,0.7527326098180952,0.661342300639355,0.8441229189968354,0.04468461990578288,30,0.38255846841191915,0.31917017140023274,0.44594676542360556,0.030993241886317947,30
equal_weights,PKD,6,30,24,0.4527719118230561,0.4053106342791514,0.5002331893669608,0.023205842789572266,30,0.3245818168605961,0.2803603947140291,0.3688032390071631,0.02162173930769664,30
equal_weights,PKD,0,30,30,0.5127640514220639,0.46887187257042645,0.5566562302737014,0.02146075821875339,30,0.3361771471708607,0.2980113967761615,0.37434289756555994,0.01866086311701463,30
equal_weights,PKD,30,300,270,0.4727238586707124,0.437758874424316,0.5076888429171089,0.01709587203612794,30,0.34298147407295543,0.3095983063904003,0.37636464175551054,0.016322454454427007,30
equal_weights,PKD,90,300,210,0.4725858790661213,0.43677561314571073,0.508396144986532,0.0175091662973693,30,0.3429777768770201,0.3088486098539369,0.37710694390010324,0.016687205348488048,30
frozen_after_100,PKD,0,300,300,0.1345741954141317,0.13148140792543328,0.13766698290283014,0.0015121957089734724,30,0.00014735885103010817,-0.001706957483696681,0.0020016751857568973,0.0009066543416577729,30
frozen_after_100,PKD,0,6,6,0.37017414140617616,0.32639152112323944,0.4139567616891129,0.021407190361900648,30,0.0,0.0,0.0,0.0,30
frozen_after_100,PKD,6,30,24,0.12819009496245998,0.122977761177494,0.13340242874742597,0.0025485322907459512,30,0.0,0.0,0.0,0.0,30
frozen_after_100,PKD,0,30,30,0.1765869042512032,0.16613915335082968,0.1870346551515767,0.005108351006236598,30,0.0,0.0,0.0,0.0,30
frozen_after_100,PKD,30,300,270,0.12990611665445712,0.12683163420573182,0.1329805991031824,0.0015032455942303477,30,0.00016373205670012675,-0.0018966194263296393,0.0022240835397298927,0.0010073937129530812,30
frozen_after_100,PKD,90,300,210,0.12981861483342988,0.1261765547169728,0.13346067494988695,0.0017807585228714169,30,0.0002105126443287239,-0.002438510690995259,0.002859535979652707,0.001295220488082532,30
