contrast,metric,start_inclusive,stop_exclusive,hybrid_mean,record_only_mean,relative_change_of_means_percent,mean,low,high,mcse,n_runs
5 record + 5 stratified lottery minus 10 record seats; both without deliberation,loss,0,300,0.13423989914431753,0.08477525221640357,58.34797966940499,0.04946464692791392,0.04659915755452066,0.05233013630130718,0.001401059966256511,30
5 record + 5 stratified lottery minus 10 record seats; both without deliberation,represented_population_share,0,300,0.2602866666666667,0.13377999999999998,94.56321323566061,0.12650666666666666,0.11993993749264235,0.13307339584069097,0.0032107539607027775,30
5 record + 5 stratified lottery minus 10 record seats; both without deliberation,representation_js_divergence,0,300,0.5515248776486099,0.7085210322068173,-22.15829134517212,-0.1569961545582073,-0.16350176876738556,-0.15049054034902906,0.0031808722478686466,30
5 record + 5 stratified lottery minus 10 record seats; both without deliberation,loss,30,300,0.1297555048160882,0.07706030170527925,68.38177627742002,0.052695203110808955,0.05035914609928368,0.05503126012233423,0.0011421979045293461,30
5 record + 5 stratified lottery minus 10 record seats; both without deliberation,represented_population_share,30,300,0.2599259259259259,0.13254074074074074,96.11021069692056,0.12738518518518518,0.1206478849037367,0.1341224854666337,0.0032941534498898807,30
5 record + 5 stratified lottery minus 10 record seats; both without deliberation,representation_js_divergence,30,300,0.5520435314555152,0.7101225916617847,-22.260812719159194,-0.15807906020626936,-0.16476814592160172,-0.151389974490937,0.0032705792921899927,30
5 record + 5 stratified lottery minus 10 record seats; both without deliberation,loss,90,300,0.1296126741108404,0.07708440894916345,68.14382555144054,0.05252826516167695,0.04999773865944526,0.05505879166390863,0.0012372823325565185,30
5 record + 5 stratified lottery minus 10 record seats; both without deliberation,represented_population_share,90,300,0.2597714285714286,0.13256190476190477,95.96235361735759,0.1272095238095238,0.12045401185795561,0.133965035761092,0.0033030579121294894,30
5 record + 5 stratified lottery minus 10 record seats; both without deliberation,representation_js_divergence,90,300,0.5522238879715803,0.710105625988396,-22.23355684544255,-0.15788173801681568,-0.1646263896906288,-0.15113708634300257,0.0032977478591499315,30
