run,seed,period,system,performance,demagogue_fraction,council_size,expert_demagogue_fraction
0,42,0,Autocracy,-22.677778389583306,0.0,1,0.0
0,42,0,Appeal-based selection baseline,-1.1383591309204841,0.2,5,0.0
0,42,0,Sortition,-0.3643812293727249,0.0,10,0.0
0,42,0,PKD,-1.6083519807654956,0.0,10,0.0
0,42,0,Sortition + deliberation,-1.2518924599705554,0.1,10,0.0
0,42,1,Autocracy,-15.115743702123487,0.0,1,0.0
0,42,1,Appeal-based selection baseline,-1.116856305349545,0.2,5,0.0
0,42,1,Sortition,-0.28203349734755195,0.0,10,0.0
0,42,1,PKD,-0.4843934117541687,0.0,10,0.0
0,42,1,Sortition + deliberation,-2.045114552077394,0.1,10,0.0
0,42,2,Autocracy,-9.344512789104426,0.0,1,0.0
0,42,2,Appeal-based selection baseline,-1.6237544322861062,0.2,5,0.0
0,42,2,Sortition,-0.2696417442380322,0.0,10,0.0
0,42,2,PKD,-0.30037424750778985,0.0,10,0.0
0,42,2,Sortition + deliberation,-0.8569640887382884,0.1,10,0.0
0,42,3,Autocracy,-12.154563293507495,0.0,1,0.0
0,42,3,Appeal-based selection baseline,-1.3790628411627692,0.2,5,0.0
0,42,3,Sortition,-0.5186479881010462,0.0,10,0.0
0,42,3,PKD,-0.07416807196751674,0.0,10,0.0
0,42,3,Sortition + deliberation,-1.3488468851678044,0.1,10,0.0
0,42,4,Autocracy,-15.573953868461105,0.0,1,0.0
0,42,4,Appeal-based selection baseline,-1.5291220878161673,0.2,5,0.0
0,42,4,Sortition,-0.32905101950189725,0.0,10,0.0
0,42,4,PKD,-0.5328637633564419,0.0,10,0.0
0,42,4,Sortition + deliberation,-1.1279021651254397,0.1,10,0.0
0,42,5,Autocracy,-14.490633725742633,0.0,1,0.0
0,42,5,Appeal-based selection baseline,-2.3110918605911417,0.2,5,0.0
0,42,5,Sortition,-1.1755413517206645,0.0,10,0.0
0,42,5,PKD,-0.49162213651461406,0.0,10,0.0
0,42,5,Sortition + deliberation,-1.327048288391979,0.1,10,0.0
0,42,6,Autocracy,-9.814027955790548,0.0,1,0.0
0,42,6,Appeal-based selection baseline,-1.30959152501944,0.2,5,0.0
0,42,6,Sortition,-0.48654654297070343,0.1,10,0.0
0,42,6,PKD,-0.051285857602539044,0.0,10,0.0
0,42,6,Sortition + deliberation,-0.5640228071396131,0.0,10,0.0
0,42,7,Autocracy,-7.90415497084983,0.0,1,0.0
0,42,7,Appeal-based selection baseline,-0.7059423223656667,0.2,5,0.0
0,42,7,Sortition,-0.6574432835621239,0.1,10,0.0
0,42,7,PKD,-0.1773650804472212,0.0,10,0.0
0,42,7,Sortition + deliberation,-2.8310891153024818,0.0,10,0.0
0,42,8,Autocracy,-31.669736414349078,0.0,1,0.0
0,42,8,Appeal-based selection baseline,-1.2406890153033385,0.2,5,0.0
0,42,8,Sortition,-1.3833325076522398,0.1,10,0.0
0,42,8,PKD,-0.12833743565388875,0.0,10,0.0
0,42,8,Sortition + deliberation,-0.6253636379102823,0.0,10,0.0
0,42,9,Autocracy,-21.013263911742627,0.0,1,0.0
0,42,9,Appeal-based selection baseline,-3.095690325766138,0.2,5,0.0
0,42,9,Sortition,-0.670310348344371,0.1,10,0.0
0,42,9,PKD,-0.12760569391710977,0.0,10,0.0
0,42,9,Sortition + deliberation,-0.7147117088719379,0.0,10,0.0
0,42,10,Autocracy,-20.090018327560752,0.0,1,0.0
0,42,10,Appeal-based selection baseline,-1.907127995097785,0.2,5,0.0
0,42,10,Sortition,-1.304176733053222,0.1,10,0.0
0,42,10,PKD,-0.19568531436423287,0.0,10,0.0
0,42,10,Sortition + deliberation,-0.9843341455585991,0.0,10,0.0
0,42,11,Autocracy,-11.549160120668288,0.0,1,0.0
0,42,11,Appeal-based selection baseline,-0.7928433341629064,0.2,5,0.0
0,42,11,Sortition,-0.9872183003079003,0.1,10,0.0
0,42,11,PKD,-0.06336379794509549,0.0,10,0.0
0,42,11,Sortition + deliberation,-1.5666251030631742,0.0,10,0.0
0,42,12,Autocracy,-15.020891237414816,0.0,1,0.0
0,42,12,Appeal-based selection baseline,-0.5445128258204479,0.2,5,0.0
0,42,12,Sortition,-0.5819349545602719,0.0,10,0.0
0,42,12,PKD,-0.15408329119471936,0.1,10,0.0
0,42,12,Sortition + deliberation,-0.545164388310483,0.0,10,0.0
0,42,13,Autocracy,-13.89828685532405,0.0,1,0.0
0,42,13,Appeal-based selection baseline,-1.1061276082926494,0.2,5,0.0
0,42,13,Sortition,-0.5740368319131727,0.0,10,0.0
0,42,13,PKD,-0.09917379926446944,0.1,10,0.0
0,42,13,Sortition + deliberation,-0.8203511540055235,0.0,10,0.0
0,42,14,Autocracy,-27.205790064003843,0.0,1,0.0
0,42,14,Appeal-based selection baseline,-0.3954985881724916,0.2,5,0.0
0,42,14,Sortition,-1.3269423160743603,0.0,10,0.0
0,42,14,PKD,-0.07746819476145315,0.1,10,0.0
0,42,14,Sortition + deliberation,-0.7936777351379147,0.0,10,0.0
0,42,15,Autocracy,-7.8781107271143505,0.0,1,0.0
0,42,15,Appeal-based selection baseline,-0.6094730590573504,0.2,5,0.0
0,42,15,Sortition,-1.0947663420220528,0.0,10,0.0
0,42,15,PKD,-0.3341858257233413,0.1,10,0.0
0,42,15,Sortition + deliberation,-0.7650358571887648,0.0,10,0.0
0,42,16,Autocracy,-22.042390678544848,0.0,1,0.0
0,42,16,Appeal-based selection baseline,-0.7531592528810201,0.2,5,0.0
0,42,16,Sortition,-1.0775148403525712,0.0,10,0.0
0,42,16,PKD,-0.14218182953250022,0.1,10,0.0
0,42,16,Sortition + deliberation,-0.4810297574590346,0.0,10,0.0
0,42,17,Autocracy,-23.190221949889786,0.0,1,0.0
0,42,17,Appeal-based selection baseline,-0.5840765198183635,0.2,5,0.0
0,42,17,Sortition,-0.8645177500428557,0.0,10,0.0
0,42,17,PKD,-0.05590425854965335,0.1,10,0.0
0,42,17,Sortition + deliberation,-0.8372726098576926,0.0,10,0.0
0,42,18,Autocracy,-15.870070059089043,0.0,1,0.0
0,42,18,Appeal-based selection baseline,-1.6600620337759253,0.2,5,0.0
0,42,18,Sortition,-1.0927478838603375,0.0,10,0.0
0,42,18,PKD,-0.10166410564420954,0.1,10,0.0
0,42,18,Sortition + deliberation,-0.9950961852094908,0.1,10,0.0
0,42,19,Autocracy,-7.368718111689352,0.0,1,0.0
0,42,19,Appeal-based selection baseline,-1.6181183130577896,0.2,5,0.0
0,42,19,Sortition,-1.0612875433282531,0.0,10,0.0
0,42,19,PKD,-0.17833817947134212,0.1,10,0.0
0,42,19,Sortition + deliberation,-1.4483356948635113,0.1,10,0.0
0,42,20,Autocracy,-15.271455449146531,0.0,1,0.0
0,42,20,Appeal-based selection baseline,-1.6961572742335762,0.2,5,0.0
0,42,20,Sortition,-0.7761760000577003,0.0,10,0.0
0,42,20,PKD,-0.11543152829369617,0.1,10,0.0
0,42,20,Sortition + deliberation,-0.7696663795789551,0.1,10,0.0
0,42,21,Autocracy,-16.62090480020212,0.0,1,0.0
0,42,21,Appeal-based selection baseline,-0.8035590006850916,0.2,5,0.0
0,42,21,Sortition,-0.5452256193829748,0.0,10,0.0
0,42,21,PKD,-0.049890157735632004,0.1,10,0.0
0,42,21,Sortition + deliberation,-0.6209324890002387,0.1,10,0.0
0,42,22,Autocracy,-28.91701320518304,0.0,1,0.0
0,42,22,Appeal-based selection baseline,-1.2301740034685558,0.2,5,0.0
0,42,22,Sortition,-2.3392122788543377,0.0,10,0.0
0,42,22,PKD,-0.06534917283043418,0.1,10,0.0
0,42,22,Sortition + deliberation,-1.385334655285058,0.1,10,0.0
0,42,23,Autocracy,-63.40207064189217,0.0,1,0.0
0,42,23,Appeal-based selection baseline,-1.5675835045236226,0.2,5,0.0
0,42,23,Sortition,-1.8686864169478823,0.0,10,0.0
0,42,23,PKD,-0.11344775264089418,0.1,10,0.0
0,42,23,Sortition + deliberation,-0.8290746665004678,0.1,10,0.0
0,42,24,Autocracy,-20.632269989772624,0.0,1,0.0
0,42,24,Appeal-based selection baseline,-2.3272831255701494,0.4,5,0.0
0,42,24,Sortition,-1.3866457700110604,0.0,10,0.0
0,42,24,PKD,-0.15572530971292461,0.0,10,0.0
0,42,24,Sortition + deliberation,-2.1817152147508816,0.1,10,0.0
0,42,25,Autocracy,-13.477424178226649,0.0,1,0.0
0,42,25,Appeal-based selection baseline,-0.5766191544894658,0.4,5,0.0
0,42,25,Sortition,-0.8343437108561741,0.0,10,0.0
0,42,25,PKD,-0.10818621640745225,0.0,10,0.0
0,42,25,Sortition + deliberation,-1.4477660520959557,0.1,10,0.0
0,42,26,Autocracy,-9.09726166776946,0.0,1,0.0
0,42,26,Appeal-based selection baseline,-1.007211014318321,0.4,5,0.0
0,42,26,Sortition,-0.2109371852770464,0.0,10,0.0
0,42,26,PKD,-0.07056464148755126,0.0,10,0.0
0,42,26,Sortition + deliberation,-2.0127022253541225,0.1,10,0.0
0,42,27,Autocracy,-25.5461662744681,0.0,1,0.0
0,42,27,Appeal-based selection baseline,-0.7114218574275247,0.4,5,0.0
0,42,27,Sortition,-0.36278979698148067,0.0,10,0.0
0,42,27,PKD,-0.13883977795301816,0.0,10,0.0
0,42,27,Sortition + deliberation,-0.8312665261565022,0.1,10,0.0
0,42,28,Autocracy,-16.611863548792787,0.0,1,0.0
0,42,28,Appeal-based selection baseline,-0.7151166886024588,0.4,5,0.0
0,42,28,Sortition,-0.9165292124158426,0.0,10,0.0
0,42,28,PKD,-0.15661647351902733,0.0,10,0.0
0,42,28,Sortition + deliberation,-1.3151722639069756,0.1,10,0.0
0,42,29,Autocracy,-18.24894277972148,0.0,1,0.0
0,42,29,Appeal-based selection baseline,-1.4677853769827545,0.4,5,0.0
0,42,29,Sortition,-1.3620376865905668,0.0,10,0.0
0,42,29,PKD,-0.06416782914222177,0.0,10,0.0
0,42,29,Sortition + deliberation,-3.108797895612258,0.1,10,0.0
0,42,30,Autocracy,-21.7203869986193,0.0,1,0.0
0,42,30,Appeal-based selection baseline,-0.9663867275416346,0.4,5,0.0
0,42,30,Sortition,-0.5188626820985551,0.0,10,0.0
0,42,30,PKD,-0.05311764209576748,0.0,10,0.0
0,42,30,Sortition + deliberation,-1.1842266034993287,0.0,10,0.0
0,42,31,Autocracy,-22.129255798227298,0.0,1,0.0
0,42,31,Appeal-based selection baseline,-2.350339588400574,0.4,5,0.0
0,42,31,Sortition,-1.2583669358143403,0.0,10,0.0
0,42,31,PKD,-0.1408623848417029,0.0,10,0.0
0,42,31,Sortition + deliberation,-0.503270963203578,0.0,10,0.0
0,42,32,Autocracy,-35.72760964109257,0.0,1,0.0
0,42,32,Appeal-based selection baseline,-2.086775953036439,0.4,5,0.0
0,42,32,Sortition,-1.0798030783220502,0.0,10,0.0
0,42,32,PKD,-0.19571855008922912,0.0,10,0.0
0,42,32,Sortition + deliberation,-1.0138528332817591,0.0,10,0.0
0,42,33,Autocracy,-9.993455541213917,0.0,1,0.0
0,42,33,Appeal-based selection baseline,-1.6299955853099544,0.4,5,0.0
0,42,33,Sortition,-0.2558500442062946,0.0,10,0.0
0,42,33,PKD,-0.16546211145914264,0.0,10,0.0
0,42,33,Sortition + deliberation,-0.8639895146915239,0.0,10,0.0
0,42,34,Autocracy,-11.38554701632209,0.0,1,0.0
0,42,34,Appeal-based selection baseline,-0.4130807882774646,0.4,5,0.0
0,42,34,Sortition,-0.17822455688131122,0.0,10,0.0
0,42,34,PKD,-0.09494562732675507,0.0,10,0.0
0,42,34,Sortition + deliberation,-0.7607019458806991,0.0,10,0.0
0,42,35,Autocracy,-15.975339071824687,0.0,1,0.0
0,42,35,Appeal-based selection baseline,-1.9470451532620499,0.4,5,0.0
0,42,35,Sortition,-0.3415449355237608,0.0,10,0.0
0,42,35,PKD,-0.09399931243513221,0.0,10,0.0
0,42,35,Sortition + deliberation,-1.1185170905018913,0.0,10,0.0
0,42,36,Autocracy,-24.02581529633325,0.0,1,0.0
0,42,36,Appeal-based selection baseline,-1.8596961386031698,0.2,5,0.0
0,42,36,Sortition,-0.35712097054190894,0.1,10,0.0
0,42,36,PKD,-0.09734802985859381,0.1,10,0.0
0,42,36,Sortition + deliberation,-0.4864759913592769,0.1,10,0.0
0,42,37,Autocracy,-7.972687568259949,0.0,1,0.0
0,42,37,Appeal-based selection baseline,-0.9808198383553145,0.2,5,0.0
0,42,37,Sortition,-0.8652951807285651,0.1,10,0.0
0,42,37,PKD,-0.2036820883101866,0.1,10,0.0
0,42,37,Sortition + deliberation,-2.461356470956142,0.1,10,0.0
0,42,38,Autocracy,-21.224210754274207,0.0,1,0.0
0,42,38,Appeal-based selection baseline,-0.6362760775867436,0.2,5,0.0
0,42,38,Sortition,-0.7178647751861739,0.1,10,0.0
0,42,38,PKD,-0.19879799094800674,0.1,10,0.0
0,42,38,Sortition + deliberation,-1.5489983066330169,0.1,10,0.0
0,42,39,Autocracy,-5.36442132008521,0.0,1,0.0
0,42,39,Appeal-based selection baseline,-0.9716524716393407,0.2,5,0.0
0,42,39,Sortition,-0.7410684778222436,0.1,10,0.0
0,42,39,PKD,-0.18513424312573834,0.1,10,0.0
0,42,39,Sortition + deliberation,-1.9543467411818547,0.1,10,0.0
0,42,40,Autocracy,-33.72020233452703,0.0,1,0.0
0,42,40,Appeal-based selection baseline,-1.8752520480106618,0.2,5,0.0
0,42,40,Sortition,-1.6769077585396004,0.1,10,0.0
0,42,40,PKD,-0.10570517112477,0.1,10,0.0
0,42,40,Sortition + deliberation,-0.7597867653075204,0.1,10,0.0
0,42,41,Autocracy,-10.276858794224827,0.0,1,0.0
0,42,41,Appeal-based selection baseline,-1.0514376002264696,0.2,5,0.0
0,42,41,Sortition,-0.8538197120609455,0.1,10,0.0
0,42,41,PKD,-0.08072166600059606,0.1,10,0.0
0,42,41,Sortition + deliberation,-1.0964968888016715,0.1,10,0.0
0,42,42,Autocracy,-26.563050071623977,0.0,1,0.0
0,42,42,Appeal-based selection baseline,-1.3331844150297378,0.2,5,0.0
0,42,42,Sortition,-0.8813856279876925,0.0,10,0.0
0,42,42,PKD,-0.1490725725376839,0.0,10,0.0
0,42,42,Sortition + deliberation,-0.7763238843796743,0.0,10,0.0
0,42,43,Autocracy,-12.39348371696045,0.0,1,0.0
0,42,43,Appeal-based selection baseline,-3.14606033555899,0.2,5,0.0
0,42,43,Sortition,-0.20775038691326939,0.0,10,0.0
0,42,43,PKD,-0.1758130032823608,0.0,10,0.0
0,42,43,Sortition + deliberation,-0.7821760433662805,0.0,10,0.0
0,42,44,Autocracy,-19.78296416530078,0.0,1,0.0
0,42,44,Appeal-based selection baseline,-1.5891944209679627,0.2,5,0.0
0,42,44,Sortition,-0.7978063700399757,0.0,10,0.0
0,42,44,PKD,-0.13853249151256616,0.0,10,0.0
0,42,44,Sortition + deliberation,-1.6492390359873244,0.0,10,0.0
0,42,45,Autocracy,-12.93541265468928,0.0,1,0.0
0,42,45,Appeal-based selection baseline,-0.7133031468078272,0.2,5,0.0
0,42,45,Sortition,-0.5333633958531215,0.0,10,0.0
0,42,45,PKD,-0.15137173752749616,0.0,10,0.0
0,42,45,Sortition + deliberation,-0.28263014646010726,0.0,10,0.0
0,42,46,Autocracy,-16.382315601142263,0.0,1,0.0
0,42,46,Appeal-based selection baseline,-1.966957663915443,0.2,5,0.0
0,42,46,Sortition,-0.9646187988863933,0.0,10,0.0
0,42,46,PKD,-0.16954941167446508,0.0,10,0.0
0,42,46,Sortition + deliberation,-0.37816374381201484,0.0,10,0.0
0,42,47,Autocracy,-12.035571077292689,0.0,1,0.0
0,42,47,Appeal-based selection baseline,-0.7974862293445446,0.2,5,0.0
0,42,47,Sortition,-0.2093141809134127,0.0,10,0.0
0,42,47,PKD,-0.14030265061506128,0.0,10,0.0
0,42,47,Sortition + deliberation,-0.920522726197293,0.0,10,0.0
0,42,48,Autocracy,-18.94962311187416,0.0,1,0.0
0,42,48,Appeal-based selection baseline,-1.1677341528348641,0.6,5,0.0
0,42,48,Sortition,-0.5486522530957634,0.0,10,0.0
0,42,48,PKD,-0.1849993138496015,0.0,10,0.0
0,42,48,Sortition + deliberation,-0.8069120331002965,0.0,10,0.0
0,42,49,Autocracy,-5.837083254517734,0.0,1,0.0
0,42,49,Appeal-based selection baseline,-1.1942012398932627,0.6,5,0.0
0,42,49,Sortition,-1.0572883547564245,0.0,10,0.0
0,42,49,PKD,-0.07507862895453611,0.0,10,0.0
0,42,49,Sortition + deliberation,-0.5392941109583073,0.0,10,0.0
0,42,50,Autocracy,-14.252361615864096,0.0,1,0.0
0,42,50,Appeal-based selection baseline,-0.8470952821024108,0.6,5,0.0
0,42,50,Sortition,-1.0208472722481758,0.0,10,0.0
0,42,50,PKD,-0.1031730535323316,0.0,10,0.0
0,42,50,Sortition + deliberation,-0.8200422464291952,0.0,10,0.0
0,42,51,Autocracy,-6.201295510484988,0.0,1,0.0
0,42,51,Appeal-based selection baseline,-2.0732984659783815,0.6,5,0.0
0,42,51,Sortition,-1.6822377149500125,0.0,10,0.0
0,42,51,PKD,-0.08313903025261962,0.0,10,0.0
0,42,51,Sortition + deliberation,-0.4626835316598517,0.0,10,0.0
0,42,52,Autocracy,-15.08881955153099,0.0,1,0.0
0,42,52,Appeal-based selection baseline,-1.400179417919497,0.6,5,0.0
0,42,52,Sortition,-0.693196603942459,0.0,10,0.0
0,42,52,PKD,-0.11097577463356233,0.0,10,0.0
0,42,52,Sortition + deliberation,-0.39125601089176465,0.0,10,0.0
0,42,53,Autocracy,-15.628261424997156,0.0,1,0.0
0,42,53,Appeal-based selection baseline,-0.8410662630825978,0.6,5,0.0
0,42,53,Sortition,-1.3667841598874078,0.0,10,0.0
0,42,53,PKD,-0.0958434944859473,0.0,10,0.0
0,42,53,Sortition + deliberation,-1.3066177472355953,0.0,10,0.0
0,42,54,Autocracy,-17.780602503293697,0.0,1,0.0
0,42,54,Appeal-based selection baseline,-1.4508199006957914,0.6,5,0.0
0,42,54,Sortition,-0.6082547931531186,0.0,10,0.0
0,42,54,PKD,-0.09975780633075705,0.0,10,0.0
0,42,54,Sortition + deliberation,-0.8446968345423133,0.0,10,0.0
0,42,55,Autocracy,-19.26738841580873,0.0,1,0.0
0,42,55,Appeal-based selection baseline,-1.161260241322125,0.6,5,0.0
0,42,55,Sortition,-0.30535620556957177,0.0,10,0.0
0,42,55,PKD,-0.11254248012368885,0.0,10,0.0
0,42,55,Sortition + deliberation,-3.0176142246506426,0.0,10,0.0
0,42,56,Autocracy,-25.24655833943316,0.0,1,0.0
0,42,56,Appeal-based selection baseline,-0.6696910067514111,0.6,5,0.0
0,42,56,Sortition,-1.0399048179034127,0.0,10,0.0
0,42,56,PKD,-0.0963699262487076,0.0,10,0.0
0,42,56,Sortition + deliberation,-2.6425422267197316,0.0,10,0.0
0,42,57,Autocracy,-16.415267374026914,0.0,1,0.0
0,42,57,Appeal-based selection baseline,-1.525526448298116,0.6,5,0.0
0,42,57,Sortition,-1.2259548365015347,0.0,10,0.0
0,42,57,PKD,-0.08518245904486066,0.0,10,0.0
0,42,57,Sortition + deliberation,-2.6298799478093904,0.0,10,0.0
0,42,58,Autocracy,-27.462027877868973,0.0,1,0.0
0,42,58,Appeal-based selection baseline,-1.7803476419034951,0.6,5,0.0
0,42,58,Sortition,-1.5718143942733043,0.0,10,0.0
0,42,58,PKD,-0.17696309167536142,0.0,10,0.0
0,42,58,Sortition + deliberation,-2.1504124742649218,0.0,10,0.0
0,42,59,Autocracy,-22.975445226215413,0.0,1,0.0
0,42,59,Appeal-based selection baseline,-0.9409819088235019,0.6,5,0.0
0,42,59,Sortition,-0.552040456156777,0.0,10,0.0
0,42,59,PKD,-0.061493458309907684,0.0,10,0.0
0,42,59,Sortition + deliberation,-0.3621788919111311,0.0,10,0.0
0,42,60,Autocracy,-12.356868621560357,0.0,1,0.0
0,42,60,Appeal-based selection baseline,-0.6374645938247129,0.2,5,0.0
0,42,60,Sortition,-1.7082857480845153,0.0,10,0.0
0,42,60,PKD,-0.19964840910844533,0.0,10,0.0
0,42,60,Sortition + deliberation,-0.7620168315663904,0.1,10,0.0
0,42,61,Autocracy,-15.333549095214732,0.0,1,0.0
0,42,61,Appeal-based selection baseline,-0.6485236332764049,0.2,5,0.0
0,42,61,Sortition,-1.310762411308673,0.0,10,0.0
0,42,61,PKD,-0.1328508855470185,0.0,10,0.0
0,42,61,Sortition + deliberation,-0.5736463759456546,0.1,10,0.0
0,42,62,Autocracy,-10.369643221840425,0.0,1,0.0
0,42,62,Appeal-based selection baseline,-1.860615194845842,0.2,5,0.0
0,42,62,Sortition,-1.219111710925727,0.0,10,0.0
0,42,62,PKD,-0.09723664777286711,0.0,10,0.0
0,42,62,Sortition + deliberation,-0.48083753660020784,0.1,10,0.0
0,42,63,Autocracy,-4.161411836652837,0.0,1,0.0
0,42,63,Appeal-based selection baseline,-1.7021218998054948,0.2,5,0.0
0,42,63,Sortition,-1.500262459270604,0.0,10,0.0
0,42,63,PKD,-0.09140921725396249,0.0,10,0.0
0,42,63,Sortition + deliberation,-0.4718224579620739,0.1,10,0.0
0,42,64,Autocracy,-14.340973049094673,0.0,1,0.0
0,42,64,Appeal-based selection baseline,-1.2045989419127456,0.2,5,0.0
0,42,64,Sortition,-0.6066079500971979,0.0,10,0.0
0,42,64,PKD,-0.0656342252129282,0.0,10,0.0
0,42,64,Sortition + deliberation,-0.34621155181408436,0.1,10,0.0
0,42,65,Autocracy,-18.790236863009373,0.0,1,0.0
0,42,65,Appeal-based selection baseline,-1.1320481318537288,0.2,5,0.0
0,42,65,Sortition,-0.7961103342270441,0.0,10,0.0
0,42,65,PKD,-0.1631559612342155,0.0,10,0.0
0,42,65,Sortition + deliberation,-0.557909911440795,0.1,10,0.0
0,42,66,Autocracy,-23.983204013725427,0.0,1,0.0
0,42,66,Appeal-based selection baseline,-1.1114013312413056,0.2,5,0.0
0,42,66,Sortition,-1.8854147423445817,0.1,10,0.0
0,42,66,PKD,-0.04511746074156962,0.0,10,0.0
0,42,66,Sortition + deliberation,-1.7809711983784806,0.0,10,0.0
0,42,67,Autocracy,-10.64543573319733,0.0,1,0.0
0,42,67,Appeal-based selection baseline,-1.0911780017313342,0.2,5,0.0
0,42,67,Sortition,-0.6390494745688318,0.1,10,0.0
0,42,67,PKD,-0.10940487382792584,0.0,10,0.0
0,42,67,Sortition + deliberation,-0.275620398645202,0.0,10,0.0
0,42,68,Autocracy,-13.717775004165437,0.0,1,0.0
0,42,68,Appeal-based selection baseline,-0.9674888227267258,0.2,5,0.0
0,42,68,Sortition,-0.901356915606123,0.1,10,0.0
0,42,68,PKD,-0.11903303530604602,0.0,10,0.0
0,42,68,Sortition + deliberation,-0.7745622624408882,0.0,10,0.0
0,42,69,Autocracy,-24.347661409611945,0.0,1,0.0
0,42,69,Appeal-based selection baseline,-0.8876556255762007,0.2,5,0.0
0,42,69,Sortition,-2.1734441770539314,0.1,10,0.0
0,42,69,PKD,-0.06072582114499595,0.0,10,0.0
0,42,69,Sortition + deliberation,-1.6945334004680306,0.0,10,0.0
0,42,70,Autocracy,-9.887243267660796,0.0,1,0.0
0,42,70,Appeal-based selection baseline,-0.8919290208919223,0.2,5,0.0
0,42,70,Sortition,-0.7635155347043229,0.1,10,0.0
0,42,70,PKD,-0.1659246147148772,0.0,10,0.0
0,42,70,Sortition + deliberation,-0.42128124660295724,0.0,10,0.0
0,42,71,Autocracy,-11.331493390819068,0.0,1,0.0
0,42,71,Appeal-based selection baseline,-0.7615955395666296,0.2,5,0.0
0,42,71,Sortition,-1.1666596166446361,0.1,10,0.0
0,42,71,PKD,-0.22812414385969987,0.0,10,0.0
0,42,71,Sortition + deliberation,-0.8638233795145628,0.0,10,0.0
0,42,72,Autocracy,-12.260551045174681,0.0,1,0.0
0,42,72,Appeal-based selection baseline,-2.3659714599518686,0.2,5,0.0
0,42,72,Sortition,-0.7172565978497334,0.1,10,0.0
0,42,72,PKD,-0.16004381513470536,0.0,10,0.0
0,42,72,Sortition + deliberation,-0.4748238757403792,0.1,10,0.0
0,42,73,Autocracy,-19.267740701626614,0.0,1,0.0
0,42,73,Appeal-based selection baseline,-1.3836946185089065,0.2,5,0.0
0,42,73,Sortition,-0.43609333732400274,0.1,10,0.0
0,42,73,PKD,-0.12734768966105348,0.0,10,0.0
0,42,73,Sortition + deliberation,-0.5044746171922148,0.1,10,0.0
0,42,74,Autocracy,-20.659854169448415,0.0,1,0.0
0,42,74,Appeal-based selection baseline,-3.185280093943881,0.2,5,0.0
0,42,74,Sortition,-0.2542733637188764,0.1,10,0.0
0,42,74,PKD,-0.13910011483807988,0.0,10,0.0
0,42,74,Sortition + deliberation,-1.3846835989598003,0.1,10,0.0
0,42,75,Autocracy,-19.058342769142723,0.0,1,0.0
0,42,75,Appeal-based selection baseline,-1.043646565902836,0.2,5,0.0
0,42,75,Sortition,-0.8171217368140948,0.1,10,0.0
0,42,75,PKD,-0.12159310225738063,0.0,10,0.0
0,42,75,Sortition + deliberation,-0.4494061847328977,0.1,10,0.0
0,42,76,Autocracy,-7.432623350534065,0.0,1,0.0
0,42,76,Appeal-based selection baseline,-1.7084318735969732,0.2,5,0.0
0,42,76,Sortition,-0.9075047981163173,0.1,10,0.0
0,42,76,PKD,-0.05561793375172273,0.0,10,0.0
0,42,76,Sortition + deliberation,-1.2442400416932637,0.1,10,0.0
0,42,77,Autocracy,-6.3943808669343625,0.0,1,0.0
0,42,77,Appeal-based selection baseline,-2.1374034969801654,0.2,5,0.0
0,42,77,Sortition,-0.23237769068182768,0.1,10,0.0
0,42,77,PKD,-0.03652109550628808,0.0,10,0.0
0,42,77,Sortition + deliberation,-0.7438646853550984,0.1,10,0.0
0,42,78,Autocracy,-22.89692926556355,0.0,1,0.0
0,42,78,Appeal-based selection baseline,-1.6901866730826562,0.2,5,0.0
0,42,78,Sortition,-1.0652333512939864,0.2,10,0.0
0,42,78,PKD,-0.14111351743172978,0.1,10,0.0
0,42,78,Sortition + deliberation,-1.2064106147951073,0.0,10,0.0
0,42,79,Autocracy,-15.642372499240631,0.0,1,0.0
0,42,79,Appeal-based selection baseline,-1.2136819399238317,0.2,5,0.0
0,42,79,Sortition,-1.537687359385882,0.2,10,0.0
0,42,79,PKD,-0.1640459510163349,0.1,10,0.0
0,42,79,Sortition + deliberation,-1.0689420200413393,0.0,10,0.0
0,42,80,Autocracy,-7.745227781103051,0.0,1,0.0
0,42,80,Appeal-based selection baseline,-2.0559026694585696,0.2,5,0.0
0,42,80,Sortition,-1.5405157694340468,0.2,10,0.0
0,42,80,PKD,-0.08870421063856043,0.1,10,0.0
0,42,80,Sortition + deliberation,-0.8714855247350308,0.0,10,0.0
0,42,81,Autocracy,-18.298433142250648,0.0,1,0.0
0,42,81,Appeal-based selection baseline,-3.9268602401065085,0.2,5,0.0
0,42,81,Sortition,-0.9997429960097635,0.2,10,0.0
0,42,81,PKD,-0.017318889895763825,0.1,10,0.0
0,42,81,Sortition + deliberation,-0.9330290667796705,0.0,10,0.0
0,42,82,Autocracy,-15.1864109031663,0.0,1,0.0
0,42,82,Appeal-based selection baseline,-2.1738438115419982,0.2,5,0.0
0,42,82,Sortition,-1.2501282801765372,0.2,10,0.0
0,42,82,PKD,-0.16451902303950727,0.1,10,0.0
0,42,82,Sortition + deliberation,-0.6595322924934987,0.0,10,0.0
0,42,83,Autocracy,-7.352152464469006,0.0,1,0.0
0,42,83,Appeal-based selection baseline,-1.6384696478816958,0.2,5,0.0
0,42,83,Sortition,-0.4370408152800854,0.2,10,0.0
0,42,83,PKD,-0.150839299125483,0.1,10,0.0
0,42,83,Sortition + deliberation,-0.9705902583924987,0.0,10,0.0
0,42,84,Autocracy,-6.5788191464030765,0.0,1,0.0
0,42,84,Appeal-based selection baseline,-1.1298189914453096,0.2,5,0.0
0,42,84,Sortition,-1.1528842105127723,0.0,10,0.0
0,42,84,PKD,-0.1086290819212199,0.0,10,0.0
0,42,84,Sortition + deliberation,-1.1471690462849686,0.1,10,0.0
0,42,85,Autocracy,-10.594786104487213,0.0,1,0.0
0,42,85,Appeal-based selection baseline,-2.0207187696225986,0.2,5,0.0
0,42,85,Sortition,-1.5311841194171898,0.0,10,0.0
0,42,85,PKD,-0.16592073640494637,0.0,10,0.0
0,42,85,Sortition + deliberation,-1.2812876095565833,0.1,10,0.0
0,42,86,Autocracy,-19.66506348878158,0.0,1,0.0
0,42,86,Appeal-based selection baseline,-1.4958270883416669,0.2,5,0.0
0,42,86,Sortition,-0.709878129714834,0.0,10,0.0
0,42,86,PKD,-0.08286094638654365,0.0,10,0.0
0,42,86,Sortition + deliberation,-0.5654972548175492,0.1,10,0.0
0,42,87,Autocracy,-13.768236383333523,0.0,1,0.0
0,42,87,Appeal-based selection baseline,-1.1350434078041258,0.2,5,0.0
0,42,87,Sortition,-2.7351711278311517,0.0,10,0.0
0,42,87,PKD,-0.05908495477160876,0.0,10,0.0
0,42,87,Sortition + deliberation,-1.4850576156800315,0.1,10,0.0
0,42,88,Autocracy,-9.795836887507276,0.0,1,0.0
0,42,88,Appeal-based selection baseline,-2.744448877584044,0.2,5,0.0
0,42,88,Sortition,-0.9999245170794137,0.0,10,0.0
0,42,88,PKD,-0.08509709770241904,0.0,10,0.0
0,42,88,Sortition + deliberation,-0.9197414695013608,0.1,10,0.0
0,42,89,Autocracy,-9.162734277796002,0.0,1,0.0
0,42,89,Appeal-based selection baseline,-1.149897429044082,0.2,5,0.0
0,42,89,Sortition,-0.6347768957825191,0.0,10,0.0
0,42,89,PKD,-0.0463404240208226,0.0,10,0.0
0,42,89,Sortition + deliberation,-2.512394616077695,0.1,10,0.0
0,42,90,Autocracy,-42.81356787224825,0.0,1,0.0
0,42,90,Appeal-based selection baseline,-1.3927241955420304,0.2,5,0.0
0,42,90,Sortition,-0.7888521679620566,0.0,10,0.0
0,42,90,PKD,-0.2572176843736047,0.0,10,0.0
0,42,90,Sortition + deliberation,-0.8316887742536674,0.0,10,0.0
0,42,91,Autocracy,-15.676933057495456,0.0,1,0.0
0,42,91,Appeal-based selection baseline,-1.5054360653896777,0.2,5,0.0
0,42,91,Sortition,-0.8392787628420673,0.0,10,0.0
0,42,91,PKD,-0.15538821753640747,0.0,10,0.0
0,42,91,Sortition + deliberation,-1.1180503529570998,0.0,10,0.0
0,42,92,Autocracy,-13.660439193623171,0.0,1,0.0
0,42,92,Appeal-based selection baseline,-1.3398656587796072,0.2,5,0.0
0,42,92,Sortition,-0.5327111409869957,0.0,10,0.0
0,42,92,PKD,-0.145601046892061,0.0,10,0.0
0,42,92,Sortition + deliberation,-0.8890255455879976,0.0,10,0.0
0,42,93,Autocracy,-11.242860913807615,0.0,1,0.0
0,42,93,Appeal-based selection baseline,-1.044615045675941,0.2,5,0.0
0,42,93,Sortition,-1.0329364078575467,0.0,10,0.0
0,42,93,PKD,-0.10913985693512404,0.0,10,0.0
0,42,93,Sortition + deliberation,-1.4021467095410198,0.0,10,0.0
0,42,94,Autocracy,-7.1601170347638305,0.0,1,0.0
0,42,94,Appeal-based selection baseline,-0.9317409589188146,0.2,5,0.0
0,42,94,Sortition,-0.8044012177821055,0.0,10,0.0
0,42,94,PKD,-0.1015313837887415,0.0,10,0.0
0,42,94,Sortition + deliberation,-0.8928958659842343,0.0,10,0.0
0,42,95,Autocracy,-18.838770104653275,0.0,1,0.0
0,42,95,Appeal-based selection baseline,-0.9953188947358964,0.2,5,0.0
0,42,95,Sortition,-0.8044268637241679,0.0,10,0.0
0,42,95,PKD,-0.363694773287755,0.0,10,0.0
0,42,95,Sortition + deliberation,-0.9189648495215867,0.0,10,0.0
0,42,96,Autocracy,-7.155235140662592,0.0,1,0.0
0,42,96,Appeal-based selection baseline,-1.672564287964824,0.4,5,0.0
0,42,96,Sortition,-1.0263347567924623,0.0,10,0.0
0,42,96,PKD,-0.07497208789139857,0.1,10,0.0
0,42,96,Sortition + deliberation,-0.9662078611254433,0.0,10,0.0
0,42,97,Autocracy,-13.59261140671176,0.0,1,0.0
0,42,97,Appeal-based selection baseline,-1.9621274838688072,0.4,5,0.0
0,42,97,Sortition,-0.6295942733059549,0.0,10,0.0
0,42,97,PKD,-0.10357922120300721,0.1,10,0.0
0,42,97,Sortition + deliberation,-1.1510703440193641,0.0,10,0.0
0,42,98,Autocracy,-10.822088237970945,0.0,1,0.0
0,42,98,Appeal-based selection baseline,-0.7386127621530494,0.4,5,0.0
0,42,98,Sortition,-0.3545654134453934,0.0,10,0.0
0,42,98,PKD,-0.07335976987096055,0.1,10,0.0
0,42,98,Sortition + deliberation,-1.0740113711631831,0.0,10,0.0
0,42,99,Autocracy,-15.67055679129484,0.0,1,0.0
0,42,99,Appeal-based selection baseline,-0.4928951875066,0.4,5,0.0
0,42,99,Sortition,-0.570448821684441,0.0,10,0.0
0,42,99,PKD,-0.1734782309825376,0.1,10,0.0
0,42,99,Sortition + deliberation,-1.59853118964052,0.0,10,0.0
0,42,100,Autocracy,-10.033517878565597,0.0,1,0.0
0,42,100,Appeal-based selection baseline,-1.542115410015691,0.4,5,0.0
0,42,100,Sortition,-1.8454290287806927,0.0,10,0.0
0,42,100,PKD,-0.17088378973259144,0.1,10,0.0
0,42,100,Sortition + deliberation,-1.0204085145395252,0.0,10,0.0
0,42,101,Autocracy,-9.250397119284836,0.0,1,0.0
0,42,101,Appeal-based selection baseline,-1.7630732736150363,0.4,5,0.0
0,42,101,Sortition,-1.6909998027877395,0.0,10,0.0
0,42,101,PKD,-0.11193501320439503,0.1,10,0.0
0,42,101,Sortition + deliberation,-2.151096439763859,0.0,10,0.0
0,42,102,Autocracy,-12.423669292963979,0.0,1,0.0
0,42,102,Appeal-based selection baseline,-1.9037476715443804,0.4,5,0.0
0,42,102,Sortition,-0.5627985835613475,0.1,10,0.0
0,42,102,PKD,-0.13594733742284693,0.0,10,0.0
0,42,102,Sortition + deliberation,-0.7068742280174203,0.1,10,0.0
0,42,103,Autocracy,-8.502474743182596,0.0,1,0.0
0,42,103,Appeal-based selection baseline,-2.985598397763849,0.4,5,0.0
0,42,103,Sortition,-0.9562745691433604,0.1,10,0.0
0,42,103,PKD,-0.14396054142015668,0.0,10,0.0
0,42,103,Sortition + deliberation,-1.6341625714113774,0.1,10,0.0
0,42,104,Autocracy,-10.701177935644928,0.0,1,0.0
0,42,104,Appeal-based selection baseline,-2.353720595168691,0.4,5,0.0
0,42,104,Sortition,-0.7888764987665301,0.1,10,0.0
0,42,104,PKD,-0.06786654117002046,0.0,10,0.0
0,42,104,Sortition + deliberation,-1.6081007497481532,0.1,10,0.0
0,42,105,Autocracy,-6.0344802151809285,0.0,1,0.0
0,42,105,Appeal-based selection baseline,-1.7528836122949645,0.4,5,0.0
0,42,105,Sortition,-0.8203653827161428,0.1,10,0.0
0,42,105,PKD,-0.06881722963102706,0.0,10,0.0
0,42,105,Sortition + deliberation,-0.9149553645186399,0.1,10,0.0
0,42,106,Autocracy,-21.142124701689838,0.0,1,0.0
0,42,106,Appeal-based selection baseline,-0.7215210838702198,0.4,5,0.0
0,42,106,Sortition,-0.7243858275991,0.1,10,0.0
0,42,106,PKD,-0.09030989267515901,0.0,10,0.0
0,42,106,Sortition + deliberation,-0.6960160060497572,0.1,10,0.0
0,42,107,Autocracy,-22.548182461088846,0.0,1,0.0
0,42,107,Appeal-based selection baseline,-2.6553247819384973,0.4,5,0.0
0,42,107,Sortition,-1.8014839997178667,0.1,10,0.0
0,42,107,PKD,-0.11877922849674587,0.0,10,0.0
0,42,107,Sortition + deliberation,-1.4616658727421348,0.1,10,0.0
0,42,108,Autocracy,-16.93856323261085,0.0,1,0.0
0,42,108,Appeal-based selection baseline,-1.2963064719500985,0.6,5,0.0
0,42,108,Sortition,-1.4983300278717935,0.0,10,0.0
0,42,108,PKD,-0.12756745267072567,0.0,10,0.0
0,42,108,Sortition + deliberation,-0.7823619933558463,0.2,10,0.0
0,42,109,Autocracy,-21.726445893126613,0.0,1,0.0
0,42,109,Appeal-based selection baseline,-3.2992351717886317,0.6,5,0.0
0,42,109,Sortition,-0.862430464066268,0.0,10,0.0
0,42,109,PKD,-0.12533566680521424,0.0,10,0.0
0,42,109,Sortition + deliberation,-0.6387108531483412,0.2,10,0.0
0,42,110,Autocracy,-24.820292073401358,0.0,1,0.0
0,42,110,Appeal-based selection baseline,-2.6673999478473207,0.6,5,0.0
0,42,110,Sortition,-1.3747936621023455,0.0,10,0.0
0,42,110,PKD,-0.06851974901660722,0.0,10,0.0
0,42,110,Sortition + deliberation,-1.0210689836516875,0.2,10,0.0
0,42,111,Autocracy,-9.961021107575156,0.0,1,0.0
0,42,111,Appeal-based selection baseline,-2.8367351924650404,0.6,5,0.0
0,42,111,Sortition,-2.4837969565301408,0.0,10,0.0
0,42,111,PKD,-0.035563849830218694,0.0,10,0.0
0,42,111,Sortition + deliberation,-0.8883832244038165,0.2,10,0.0
0,42,112,Autocracy,-13.856528636181212,0.0,1,0.0
0,42,112,Appeal-based selection baseline,-1.6523469402476216,0.6,5,0.0
0,42,112,Sortition,-0.7752200937611738,0.0,10,0.0
0,42,112,PKD,-0.07609463387850533,0.0,10,0.0
0,42,112,Sortition + deliberation,-1.347826791548518,0.2,10,0.0
0,42,113,Autocracy,-16.13960000954434,0.0,1,0.0
0,42,113,Appeal-based selection baseline,-1.1014850269721257,0.6,5,0.0
0,42,113,Sortition,-0.5122997463547944,0.0,10,0.0
0,42,113,PKD,-0.09449661177522352,0.0,10,0.0
0,42,113,Sortition + deliberation,-0.3555638515882755,0.2,10,0.0
0,42,114,Autocracy,-6.909369593133271,0.0,1,0.0
0,42,114,Appeal-based selection baseline,-2.7285039299841936,0.6,5,0.0
0,42,114,Sortition,-0.47755276773585115,0.0,10,0.0
0,42,114,PKD,-0.0947733661263998,0.1,10,0.0
0,42,114,Sortition + deliberation,-0.7128628890063315,0.0,10,0.0
0,42,115,Autocracy,-4.949361957107648,0.0,1,0.0
0,42,115,Appeal-based selection baseline,-2.0682419609314353,0.6,5,0.0
0,42,115,Sortition,-0.4796800822182853,0.0,10,0.0
0,42,115,PKD,-0.04148323602599151,0.1,10,0.0
0,42,115,Sortition + deliberation,-0.5781529859176495,0.0,10,0.0
0,42,116,Autocracy,-8.931488885805125,0.0,1,0.0
0,42,116,Appeal-based selection baseline,-1.7252767134622076,0.6,5,0.0
0,42,116,Sortition,-1.5945468830277971,0.0,10,0.0
0,42,116,PKD,-0.1047105054132704,0.1,10,0.0
0,42,116,Sortition + deliberation,-0.19963604647529812,0.0,10,0.0
0,42,117,Autocracy,-15.61398260510854,0.0,1,0.0
0,42,117,Appeal-based selection baseline,-2.1905600450099856,0.6,5,0.0
0,42,117,Sortition,-1.105959233946194,0.0,10,0.0
0,42,117,PKD,-0.07877633535461763,0.1,10,0.0
0,42,117,Sortition + deliberation,-0.8319359870779659,0.0,10,0.0
0,42,118,Autocracy,-25.76191412574558,0.0,1,0.0
0,42,118,Appeal-based selection baseline,-0.9257446183888693,0.6,5,0.0
0,42,118,Sortition,-1.407015935550139,0.0,10,0.0
0,42,118,PKD,-0.21551279369051615,0.1,10,0.0
0,42,118,Sortition + deliberation,-0.7218411569387866,0.0,10,0.0
0,42,119,Autocracy,-6.004977808080459,0.0,1,0.0
0,42,119,Appeal-based selection baseline,-2.6365483111208223,0.6,5,0.0
0,42,119,Sortition,-0.4669453267526387,0.0,10,0.0
0,42,119,PKD,-0.10113526513821508,0.1,10,0.0
0,42,119,Sortition + deliberation,-1.0823338391682484,0.0,10,0.0
0,42,120,Autocracy,-28.04244446014911,0.0,1,0.0
0,42,120,Appeal-based selection baseline,-1.2294654526200741,1.0,5,0.0
0,42,120,Sortition,-1.0944924803479876,0.0,10,0.0
0,42,120,PKD,-0.11986221614588882,0.0,10,0.0
0,42,120,Sortition + deliberation,-1.8795868861386875,0.0,10,0.0
0,42,121,Autocracy,-5.435297472035616,0.0,1,0.0
0,42,121,Appeal-based selection baseline,-2.4981229048639886,1.0,5,0.0
0,42,121,Sortition,-0.6712216387405735,0.0,10,0.0
0,42,121,PKD,-0.031743234922557234,0.0,10,0.0
0,42,121,Sortition + deliberation,-0.6592389083855583,0.0,10,0.0
0,42,122,Autocracy,-6.678311020177888,0.0,1,0.0
0,42,122,Appeal-based selection baseline,-0.8055646961925547,1.0,5,0.0
0,42,122,Sortition,-0.32581847562960037,0.0,10,0.0
0,42,122,PKD,-0.053869034997376934,0.0,10,0.0
0,42,122,Sortition + deliberation,-1.1227622902268977,0.0,10,0.0
0,42,123,Autocracy,-14.330293702595508,0.0,1,0.0
0,42,123,Appeal-based selection baseline,-1.9137618768759639,1.0,5,0.0
0,42,123,Sortition,-1.749581429907264,0.0,10,0.0
0,42,123,PKD,-0.20464407352348257,0.0,10,0.0
0,42,123,Sortition + deliberation,-2.1459196230430972,0.0,10,0.0
0,42,124,Autocracy,-26.609122183915193,0.0,1,0.0
0,42,124,Appeal-based selection baseline,-2.669369394380295,1.0,5,0.0
0,42,124,Sortition,-1.0217764331010508,0.0,10,0.0
0,42,124,PKD,-0.07523833562944866,0.0,10,0.0
0,42,124,Sortition + deliberation,-1.3560420851763437,0.0,10,0.0
0,42,125,Autocracy,-18.13038988061762,0.0,1,0.0
0,42,125,Appeal-based selection baseline,-1.119616457884454,1.0,5,0.0
0,42,125,Sortition,-1.4514184316986303,0.0,10,0.0
0,42,125,PKD,-0.09082750440048894,0.0,10,0.0
0,42,125,Sortition + deliberation,-1.320880416034495,0.0,10,0.0
0,42,126,Autocracy,-9.720937726170927,0.0,1,0.0
0,42,126,Appeal-based selection baseline,-1.314322763146797,1.0,5,0.0
0,42,126,Sortition,-1.0532378427254387,0.2,10,0.0
0,42,126,PKD,-0.0981239931016138,0.0,10,0.0
0,42,126,Sortition + deliberation,-1.8199675172058507,0.0,10,0.0
0,42,127,Autocracy,-12.059202680707424,0.0,1,0.0
0,42,127,Appeal-based selection baseline,-0.6809143583309103,1.0,5,0.0
0,42,127,Sortition,-0.7261308193111513,0.2,10,0.0
0,42,127,PKD,-0.0904434761695502,0.0,10,0.0
0,42,127,Sortition + deliberation,-0.8682083780332694,0.0,10,0.0
0,42,128,Autocracy,-20.11849859164867,0.0,1,0.0
0,42,128,Appeal-based selection baseline,-1.208409949955615,1.0,5,0.0
0,42,128,Sortition,-1.6008473959103027,0.2,10,0.0
0,42,128,PKD,-0.14158714203977643,0.0,10,0.0
0,42,128,Sortition + deliberation,-1.619283300466751,0.0,10,0.0
0,42,129,Autocracy,-15.845085315248205,0.0,1,0.0
0,42,129,Appeal-based selection baseline,-1.9032498128266138,1.0,5,0.0
0,42,129,Sortition,-1.1851719729111283,0.2,10,0.0
0,42,129,PKD,-0.16481648963902878,0.0,10,0.0
0,42,129,Sortition + deliberation,-1.332243673827055,0.0,10,0.0
0,42,130,Autocracy,-9.807308338453065,0.0,1,0.0
0,42,130,Appeal-based selection baseline,-3.5178077698543766,1.0,5,0.0
0,42,130,Sortition,-0.9204384963409525,0.2,10,0.0
0,42,130,PKD,-0.04598871473093335,0.0,10,0.0
0,42,130,Sortition + deliberation,-0.6625174131199899,0.0,10,0.0
0,42,131,Autocracy,-12.514128298503566,0.0,1,0.0
0,42,131,Appeal-based selection baseline,-1.1291650552223698,1.0,5,0.0
0,42,131,Sortition,-1.0595966946622952,0.2,10,0.0
0,42,131,PKD,-0.05791354056744469,0.0,10,0.0
0,42,131,Sortition + deliberation,-0.5224344295335106,0.0,10,0.0
0,42,132,Autocracy,-7.869057524474803,0.0,1,0.0
0,42,132,Appeal-based selection baseline,-0.8521339906998954,1.0,5,0.0
0,42,132,Sortition,-0.38686496202067266,0.2,10,0.0
0,42,132,PKD,-0.13371266719922242,0.1,10,0.0
0,42,132,Sortition + deliberation,-0.6317558714072357,0.0,10,0.0
0,42,133,Autocracy,-6.935365643064366,0.0,1,0.0
0,42,133,Appeal-based selection baseline,-1.2432700673784256,1.0,5,0.0
0,42,133,Sortition,-0.7780056620563254,0.2,10,0.0
0,42,133,PKD,-0.08549792814108151,0.1,10,0.0
0,42,133,Sortition + deliberation,-1.2476538902593273,0.0,10,0.0
0,42,134,Autocracy,-6.543960616227382,0.0,1,0.0
0,42,134,Appeal-based selection baseline,-2.3488197087433242,1.0,5,0.0
0,42,134,Sortition,-1.8877758892498484,0.2,10,0.0
0,42,134,PKD,-0.09284043376286064,0.1,10,0.0
0,42,134,Sortition + deliberation,-0.7314430198851122,0.0,10,0.0
0,42,135,Autocracy,-23.695252015320637,0.0,1,0.0
0,42,135,Appeal-based selection baseline,-1.451619066671909,1.0,5,0.0
0,42,135,Sortition,-1.3866427191283683,0.2,10,0.0
0,42,135,PKD,-0.08058116789939812,0.1,10,0.0
0,42,135,Sortition + deliberation,-2.048532831769533,0.0,10,0.0
0,42,136,Autocracy,-16.248216655805404,0.0,1,0.0
0,42,136,Appeal-based selection baseline,-0.8993592674672262,1.0,5,0.0
0,42,136,Sortition,-1.1549819173917217,0.2,10,0.0
0,42,136,PKD,-0.08220757719826001,0.1,10,0.0
0,42,136,Sortition + deliberation,-0.4984177262432978,0.0,10,0.0
0,42,137,Autocracy,-23.879157297947135,0.0,1,0.0
0,42,137,Appeal-based selection baseline,-1.0291597004381012,1.0,5,0.0
0,42,137,Sortition,-0.9294623715841938,0.2,10,0.0
0,42,137,PKD,-0.06698774531400302,0.1,10,0.0
0,42,137,Sortition + deliberation,-0.9765534191459149,0.0,10,0.0
0,42,138,Autocracy,-13.028661374259736,0.0,1,0.0
0,42,138,Appeal-based selection baseline,-1.5514151226303148,1.0,5,0.0
0,42,138,Sortition,-0.6218256218600655,0.0,10,0.0
0,42,138,PKD,-0.09394173414609193,0.1,10,0.0
0,42,138,Sortition + deliberation,-0.9288638011563122,0.1,10,0.0
0,42,139,Autocracy,-5.453303579711629,0.0,1,0.0
0,42,139,Appeal-based selection baseline,-1.7395653222873178,1.0,5,0.0
0,42,139,Sortition,-0.471803160929134,0.0,10,0.0
0,42,139,PKD,-0.015892531423956163,0.1,10,0.0
0,42,139,Sortition + deliberation,-0.5900920725065393,0.1,10,0.0
0,42,140,Autocracy,-12.075244729244774,0.0,1,0.0
0,42,140,Appeal-based selection baseline,-1.5134655137602857,1.0,5,0.0
0,42,140,Sortition,-1.1179223983357411,0.0,10,0.0
0,42,140,PKD,-0.341607963654547,0.1,10,0.0
0,42,140,Sortition + deliberation,-1.7662632032907999,0.1,10,0.0
0,42,141,Autocracy,-28.157731675363063,0.0,1,0.0
0,42,141,Appeal-based selection baseline,-1.28369004582339,1.0,5,0.0
0,42,141,Sortition,-0.6724448727686264,0.0,10,0.0
0,42,141,PKD,-0.14632271955632523,0.1,10,0.0
0,42,141,Sortition + deliberation,-1.4999137978220332,0.1,10,0.0
0,42,142,Autocracy,-7.881643416851394,0.0,1,0.0
0,42,142,Appeal-based selection baseline,-1.7102789812187167,1.0,5,0.0
0,42,142,Sortition,-0.41543829489441886,0.0,10,0.0
0,42,142,PKD,-0.10890043867275011,0.1,10,0.0
0,42,142,Sortition + deliberation,-1.0793989743033316,0.1,10,0.0
0,42,143,Autocracy,-6.031488846244031,0.0,1,0.0
0,42,143,Appeal-based selection baseline,-1.8368588949790745,1.0,5,0.0
0,42,143,Sortition,-0.8032644711456255,0.0,10,0.0
0,42,143,PKD,-0.20924542515967098,0.1,10,0.0
0,42,143,Sortition + deliberation,-1.6896908388156593,0.1,10,0.0
0,42,144,Autocracy,-6.033427304500358,0.0,1,0.0
0,42,144,Appeal-based selection baseline,-1.4388653775792284,1.0,5,0.0
0,42,144,Sortition,-0.7084280685366399,0.0,10,0.0
0,42,144,PKD,-0.06670713494854529,0.0,10,0.0
0,42,144,Sortition + deliberation,-0.709676105226816,0.1,10,0.0
0,42,145,Autocracy,-3.0993855402684583,0.0,1,0.0
0,42,145,Appeal-based selection baseline,-1.4882759324669226,1.0,5,0.0
0,42,145,Sortition,-1.2743183278605277,0.0,10,0.0
0,42,145,PKD,-0.06371033914036056,0.0,10,0.0
0,42,145,Sortition + deliberation,-0.8603374673063195,0.1,10,0.0
0,42,146,Autocracy,-3.970937830589076,0.0,1,0.0
0,42,146,Appeal-based selection baseline,-0.5490627812842592,1.0,5,0.0
0,42,146,Sortition,-0.4820991959549711,0.0,10,0.0
0,42,146,PKD,-0.05663754169256387,0.0,10,0.0
0,42,146,Sortition + deliberation,-2.3956316776266475,0.1,10,0.0
0,42,147,Autocracy,-1.3109835912507275,0.0,1,0.0
0,42,147,Appeal-based selection baseline,-1.5851041344770262,1.0,5,0.0
0,42,147,Sortition,-1.4904427324303655,0.0,10,0.0
0,42,147,PKD,-0.09501807766515931,0.0,10,0.0
0,42,147,Sortition + deliberation,-1.1402042831546062,0.1,10,0.0
0,42,148,Autocracy,-3.952130571676408,0.0,1,0.0
0,42,148,Appeal-based selection baseline,-0.8824267452243874,1.0,5,0.0
0,42,148,Sortition,-0.5708575096871576,0.0,10,0.0
0,42,148,PKD,-0.09283429281718864,0.0,10,0.0
0,42,148,Sortition + deliberation,-1.2515940625747788,0.1,10,0.0
0,42,149,Autocracy,-2.402784440604907,0.0,1,0.0
0,42,149,Appeal-based selection baseline,-1.690401080996529,1.0,5,0.0
0,42,149,Sortition,-1.0182376248882212,0.0,10,0.0
0,42,149,PKD,-0.2434542181472076,0.0,10,0.0
0,42,149,Sortition + deliberation,-0.912822720401425,0.1,10,0.0
0,42,150,Autocracy,-3.8004517382671814,0.0,1,0.0
0,42,150,Appeal-based selection baseline,-0.9952318343689678,1.0,5,0.0
0,42,150,Sortition,-1.34998714045972,0.0,10,0.0
0,42,150,PKD,-0.19177418980269686,0.0,10,0.0
0,42,150,Sortition + deliberation,-0.919539332877628,0.0,10,0.0
0,42,151,Autocracy,-2.038505418571323,0.0,1,0.0
0,42,151,Appeal-based selection baseline,-1.474920437791203,1.0,5,0.0
0,42,151,Sortition,-1.4514678063165756,0.0,10,0.0
0,42,151,PKD,-0.2931169555395266,0.0,10,0.0
0,42,151,Sortition + deliberation,-1.2690121852092069,0.0,10,0.0
0,42,152,Autocracy,-3.118686211058451,0.0,1,0.0
0,42,152,Appeal-based selection baseline,-2.728615537697869,1.0,5,0.0
0,42,152,Sortition,-1.136878851582242,0.0,10,0.0
0,42,152,PKD,-0.050377078795546155,0.0,10,0.0
0,42,152,Sortition + deliberation,-1.037698741241784,0.0,10,0.0
0,42,153,Autocracy,-3.1522537225394904,0.0,1,0.0
0,42,153,Appeal-based selection baseline,-2.2951090989473335,1.0,5,0.0
0,42,153,Sortition,-1.5170209830651713,0.0,10,0.0
0,42,153,PKD,-0.08903405228751536,0.0,10,0.0
0,42,153,Sortition + deliberation,-0.7275025859149168,0.0,10,0.0
0,42,154,Autocracy,-1.4519441038173047,0.0,1,0.0
0,42,154,Appeal-based selection baseline,-2.2769290843683163,1.0,5,0.0
0,42,154,Sortition,-0.7927225118795125,0.0,10,0.0
0,42,154,PKD,-0.049057232265104125,0.0,10,0.0
0,42,154,Sortition + deliberation,-0.7479746873126447,0.0,10,0.0
0,42,155,Autocracy,-7.12061518149132,0.0,1,0.0
0,42,155,Appeal-based selection baseline,-2.1453058816207573,1.0,5,0.0
0,42,155,Sortition,-1.051763703055856,0.0,10,0.0
0,42,155,PKD,-0.1195477486549016,0.0,10,0.0
0,42,155,Sortition + deliberation,-0.8989751245010509,0.0,10,0.0
0,42,156,Autocracy,-2.884798657929725,0.0,1,0.0
0,42,156,Appeal-based selection baseline,-1.0093052342737237,1.0,5,0.0
0,42,156,Sortition,-0.8272519500758884,0.1,10,0.0
0,42,156,PKD,-0.2513858326667204,0.0,10,0.0
0,42,156,Sortition + deliberation,-0.42747157742779823,0.0,10,0.0
0,42,157,Autocracy,-3.753090955682835,0.0,1,0.0
0,42,157,Appeal-based selection baseline,-1.5071362385339682,1.0,5,0.0
0,42,157,Sortition,-0.601094356396597,0.1,10,0.0
0,42,157,PKD,-0.11549843394826553,0.0,10,0.0
0,42,157,Sortition + deliberation,-0.5154975744668645,0.0,10,0.0
0,42,158,Autocracy,-5.548197150507954,0.0,1,0.0
0,42,158,Appeal-based selection baseline,-0.6723652496999104,1.0,5,0.0
0,42,158,Sortition,-1.2345306611473097,0.1,10,0.0
0,42,158,PKD,-0.08497895253423798,0.0,10,0.0
0,42,158,Sortition + deliberation,-0.12059699444540645,0.0,10,0.0
0,42,159,Autocracy,-8.761109244998238,0.0,1,0.0
0,42,159,Appeal-based selection baseline,-0.8285523679565084,1.0,5,0.0
0,42,159,Sortition,-0.9957644244464883,0.1,10,0.0
0,42,159,PKD,-0.06428762844545047,0.0,10,0.0
0,42,159,Sortition + deliberation,-0.7386070879758521,0.0,10,0.0
0,42,160,Autocracy,-4.3581223350905525,0.0,1,0.0
0,42,160,Appeal-based selection baseline,-0.9039454404276266,1.0,5,0.0
0,42,160,Sortition,-0.512510827787467,0.1,10,0.0
0,42,160,PKD,-0.1331537320978407,0.0,10,0.0
0,42,160,Sortition + deliberation,-0.8237191892051603,0.0,10,0.0
0,42,161,Autocracy,-1.5981873743561563,0.0,1,0.0
0,42,161,Appeal-based selection baseline,-1.4741057602107523,1.0,5,0.0
0,42,161,Sortition,-0.5661595609089407,0.1,10,0.0
0,42,161,PKD,-0.17891753415695769,0.0,10,0.0
0,42,161,Sortition + deliberation,-0.6193471944147837,0.0,10,0.0
0,42,162,Autocracy,-1.2913491239235257,0.0,1,0.0
0,42,162,Appeal-based selection baseline,-1.1054347806878788,1.0,5,0.0
0,42,162,Sortition,-0.7105295564246915,0.0,10,0.0
0,42,162,PKD,-0.06959408875070691,0.0,10,0.0
0,42,162,Sortition + deliberation,-0.47430676573236596,0.0,10,0.0
0,42,163,Autocracy,-1.5867280058358364,0.0,1,0.0
0,42,163,Appeal-based selection baseline,-2.252568308652154,1.0,5,0.0
0,42,163,Sortition,-0.9221302150452535,0.0,10,0.0
0,42,163,PKD,-0.1192072839437867,0.0,10,0.0
0,42,163,Sortition + deliberation,-0.41635571130659205,0.0,10,0.0
0,42,164,Autocracy,-4.221901922702325,0.0,1,0.0
0,42,164,Appeal-based selection baseline,-2.345655596422388,1.0,5,0.0
0,42,164,Sortition,-1.5996658691994825,0.0,10,0.0
0,42,164,PKD,-0.17581574864041535,0.0,10,0.0
0,42,164,Sortition + deliberation,-0.6594666398826343,0.0,10,0.0
0,42,165,Autocracy,-6.420052105756537,0.0,1,0.0
0,42,165,Appeal-based selection baseline,-1.134440034977574,1.0,5,0.0
0,42,165,Sortition,-1.6021310655107839,0.0,10,0.0
0,42,165,PKD,-0.14282807860059857,0.0,10,0.0
0,42,165,Sortition + deliberation,-0.9569680362756577,0.0,10,0.0
0,42,166,Autocracy,-4.597415377483073,0.0,1,0.0
0,42,166,Appeal-based selection baseline,-1.9079519565246554,1.0,5,0.0
0,42,166,Sortition,-0.7204914541856643,0.0,10,0.0
0,42,166,PKD,-0.20603994944479898,0.0,10,0.0
0,42,166,Sortition + deliberation,-1.0502711429594682,0.0,10,0.0
0,42,167,Autocracy,-4.934517080689652,0.0,1,0.0
0,42,167,Appeal-based selection baseline,-2.3349497519651297,1.0,5,0.0
0,42,167,Sortition,-1.4021389339198056,0.0,10,0.0
0,42,167,PKD,-0.11453728380149397,0.0,10,0.0
0,42,167,Sortition + deliberation,-0.8940478249566629,0.0,10,0.0
0,42,168,Autocracy,-1.6807423258416498,0.0,1,0.0
0,42,168,Appeal-based selection baseline,-1.4726094281216315,0.8,5,0.0
0,42,168,Sortition,-0.3795951441479698,0.1,10,0.0
0,42,168,PKD,-0.1717729056749335,0.0,10,0.0
0,42,168,Sortition + deliberation,-0.21337323225702867,0.1,10,0.0
0,42,169,Autocracy,-2.403506745427303,0.0,1,0.0
0,42,169,Appeal-based selection baseline,-0.6654425369347904,0.8,5,0.0
0,42,169,Sortition,-1.1334864702201082,0.1,10,0.0
0,42,169,PKD,-0.09821163647565789,0.0,10,0.0
0,42,169,Sortition + deliberation,-1.2964547901337615,0.1,10,0.0
0,42,170,Autocracy,-2.3898042629896277,0.0,1,0.0
0,42,170,Appeal-based selection baseline,-1.2973867011450944,0.8,5,0.0
0,42,170,Sortition,-0.8090362554028606,0.1,10,0.0
0,42,170,PKD,-0.06970641317942615,0.0,10,0.0
0,42,170,Sortition + deliberation,-0.4089772798326335,0.1,10,0.0
0,42,171,Autocracy,-2.9665845997905205,0.0,1,0.0
0,42,171,Appeal-based selection baseline,-1.3556342289223513,0.8,5,0.0
0,42,171,Sortition,-0.8757169846358571,0.1,10,0.0
0,42,171,PKD,-0.19406753602625434,0.0,10,0.0
0,42,171,Sortition + deliberation,-1.013277923590674,0.1,10,0.0
0,42,172,Autocracy,-3.097880942606478,0.0,1,0.0
0,42,172,Appeal-based selection baseline,-1.2690949634922324,0.8,5,0.0
0,42,172,Sortition,-1.0484932451745437,0.1,10,0.0
0,42,172,PKD,-0.10188571413596528,0.0,10,0.0
0,42,172,Sortition + deliberation,-0.6384490134135319,0.1,10,0.0
0,42,173,Autocracy,-2.2900902079695045,0.0,1,0.0
0,42,173,Appeal-based selection baseline,-0.8594045524933572,0.8,5,0.0
0,42,173,Sortition,-1.126873642044011,0.1,10,0.0
0,42,173,PKD,-0.14713450999481578,0.0,10,0.0
0,42,173,Sortition + deliberation,-1.084126982727754,0.1,10,0.0
0,42,174,Autocracy,-2.8899457461953055,0.0,1,0.0
0,42,174,Appeal-based selection baseline,-1.8082119330846254,0.8,5,0.0
0,42,174,Sortition,-0.45189599668787417,0.0,10,0.0
0,42,174,PKD,-0.12776984641573863,0.0,10,0.0
0,42,174,Sortition + deliberation,-0.14427517148344976,0.0,10,0.0
0,42,175,Autocracy,-1.623159105482563,0.0,1,0.0
0,42,175,Appeal-based selection baseline,-0.9042741439134163,0.8,5,0.0
0,42,175,Sortition,-0.46595821515077895,0.0,10,0.0
0,42,175,PKD,-0.12497909283104743,0.0,10,0.0
0,42,175,Sortition + deliberation,-0.6106106805777801,0.0,10,0.0
0,42,176,Autocracy,-2.1916542632174862,0.0,1,0.0
0,42,176,Appeal-based selection baseline,-1.1024582710528035,0.8,5,0.0
0,42,176,Sortition,-0.5168021813791336,0.0,10,0.0
0,42,176,PKD,-0.1290308526764365,0.0,10,0.0
0,42,176,Sortition + deliberation,-0.3663799531004208,0.0,10,0.0
0,42,177,Autocracy,-3.4873109147173103,0.0,1,0.0
0,42,177,Appeal-based selection baseline,-0.7365402879673634,0.8,5,0.0
0,42,177,Sortition,-0.38279930492248027,0.0,10,0.0
0,42,177,PKD,-0.06700659349479617,0.0,10,0.0
0,42,177,Sortition + deliberation,-0.5940187207153578,0.0,10,0.0
0,42,178,Autocracy,-3.299607661222874,0.0,1,0.0
0,42,178,Appeal-based selection baseline,-0.8940616633147791,0.8,5,0.0
0,42,178,Sortition,-0.28500163154679187,0.0,10,0.0
0,42,178,PKD,-0.12363111439902467,0.0,10,0.0
0,42,178,Sortition + deliberation,-0.3915666365378411,0.0,10,0.0
0,42,179,Autocracy,-1.2303671641757912,0.0,1,0.0
0,42,179,Appeal-based selection baseline,-0.7875179894510732,0.8,5,0.0
0,42,179,Sortition,-0.5769756763342402,0.0,10,0.0
0,42,179,PKD,-0.09075647328151552,0.0,10,0.0
0,42,179,Sortition + deliberation,-0.6751590845145188,0.0,10,0.0
0,42,180,Autocracy,-3.4696981603989325,0.0,1,0.0
0,42,180,Appeal-based selection baseline,-1.5481994700766037,0.8,5,0.0
0,42,180,Sortition,-0.5632160663079162,0.1,10,0.0
0,42,180,PKD,-0.11441540360872454,0.0,10,0.0
0,42,180,Sortition + deliberation,-1.2928865763606676,0.0,10,0.0
0,42,181,Autocracy,-0.996835187508551,0.0,1,0.0
0,42,181,Appeal-based selection baseline,-1.570057734495644,0.8,5,0.0
0,42,181,Sortition,-1.8433467610461285,0.1,10,0.0
0,42,181,PKD,-0.1704475409828947,0.0,10,0.0
0,42,181,Sortition + deliberation,-1.239028881974171,0.0,10,0.0
0,42,182,Autocracy,-1.2567057875709606,0.0,1,0.0
0,42,182,Appeal-based selection baseline,-1.5534400867625435,0.8,5,0.0
0,42,182,Sortition,-0.47639000107019963,0.1,10,0.0
0,42,182,PKD,-0.058374306577756226,0.0,10,0.0
0,42,182,Sortition + deliberation,-2.0541407253252024,0.0,10,0.0
0,42,183,Autocracy,-2.9549058908713275,0.0,1,0.0
0,42,183,Appeal-based selection baseline,-1.23796819744775,0.8,5,0.0
0,42,183,Sortition,-1.2710086826105194,0.1,10,0.0
0,42,183,PKD,-0.05385107729071162,0.0,10,0.0
0,42,183,Sortition + deliberation,-1.347824265112705,0.0,10,0.0
0,42,184,Autocracy,-2.9149555236932,0.0,1,0.0
0,42,184,Appeal-based selection baseline,-1.166000856116474,0.8,5,0.0
0,42,184,Sortition,-1.1704056569593393,0.1,10,0.0
0,42,184,PKD,-0.10618246714735605,0.0,10,0.0
0,42,184,Sortition + deliberation,-0.6971253997521485,0.0,10,0.0
0,42,185,Autocracy,-2.402432909546659,0.0,1,0.0
0,42,185,Appeal-based selection baseline,-1.769356801338902,0.8,5,0.0
0,42,185,Sortition,-1.4904370330759418,0.1,10,0.0
0,42,185,PKD,-0.14111662117311977,0.0,10,0.0
0,42,185,Sortition + deliberation,-0.6830272565948322,0.0,10,0.0
0,42,186,Autocracy,-1.7021745652551195,0.0,1,0.0
0,42,186,Appeal-based selection baseline,-0.5255467238694984,0.8,5,0.0
0,42,186,Sortition,-0.4442482609477528,0.0,10,0.0
0,42,186,PKD,-0.17410548829290323,0.0,10,0.0
0,42,186,Sortition + deliberation,-0.6504985976199821,0.0,10,0.0
0,42,187,Autocracy,-2.7991000354034954,0.0,1,0.0
0,42,187,Appeal-based selection baseline,-4.183412199214478,0.8,5,0.0
0,42,187,Sortition,-0.2962006289963687,0.0,10,0.0
0,42,187,PKD,-0.07941050275563462,0.0,10,0.0
0,42,187,Sortition + deliberation,-1.6123127030049003,0.0,10,0.0
0,42,188,Autocracy,-1.9794416484896973,0.0,1,0.0
0,42,188,Appeal-based selection baseline,-1.1148199954425204,0.8,5,0.0
0,42,188,Sortition,-0.2297920465957679,0.0,10,0.0
0,42,188,PKD,-0.09522926404137799,0.0,10,0.0
0,42,188,Sortition + deliberation,-0.5652571759246278,0.0,10,0.0
0,42,189,Autocracy,-3.6408927538038185,0.0,1,0.0
0,42,189,Appeal-based selection baseline,-2.6061111219474355,0.8,5,0.0
0,42,189,Sortition,-0.1522646663242727,0.0,10,0.0
0,42,189,PKD,-0.19957131806841838,0.0,10,0.0
0,42,189,Sortition + deliberation,-0.2782124717094901,0.0,10,0.0
0,42,190,Autocracy,-5.695145966468587,0.0,1,0.0
0,42,190,Appeal-based selection baseline,-1.1990576441865906,0.8,5,0.0
0,42,190,Sortition,-0.11115377190324605,0.0,10,0.0
0,42,190,PKD,-0.14687509379855268,0.0,10,0.0
0,42,190,Sortition + deliberation,-0.4378411210417314,0.0,10,0.0
0,42,191,Autocracy,-4.814378733534353,0.0,1,0.0
0,42,191,Appeal-based selection baseline,-1.70367594255633,0.8,5,0.0
0,42,191,Sortition,-0.6075807106197897,0.0,10,0.0
0,42,191,PKD,-0.07279403057626728,0.0,10,0.0
0,42,191,Sortition + deliberation,-0.6017585841763998,0.0,10,0.0
0,42,192,Autocracy,-19.197725011239022,0.0,1,0.0
0,42,192,Appeal-based selection baseline,-1.1119713199203491,1.0,5,0.0
0,42,192,Sortition,-0.6079923620826965,0.0,10,0.0
0,42,192,PKD,-0.09084283880092348,0.0,10,0.0
0,42,192,Sortition + deliberation,-1.5072025132328823,0.0,10,0.0
0,42,193,Autocracy,-10.883844442767078,0.0,1,0.0
0,42,193,Appeal-based selection baseline,-2.5860408702842785,1.0,5,0.0
0,42,193,Sortition,-0.6650581933723371,0.0,10,0.0
0,42,193,PKD,-0.19003529263974028,0.0,10,0.0
0,42,193,Sortition + deliberation,-1.5275501543084118,0.0,10,0.0
0,42,194,Autocracy,-30.654827590669203,0.0,1,0.0
0,42,194,Appeal-based selection baseline,-1.8044175899188863,1.0,5,0.0
0,42,194,Sortition,-0.3576033087627699,0.0,10,0.0
0,42,194,PKD,-0.2036392026291442,0.0,10,0.0
0,42,194,Sortition + deliberation,-1.7592823449176518,0.0,10,0.0
0,42,195,Autocracy,-24.468298505312305,0.0,1,0.0
0,42,195,Appeal-based selection baseline,-1.2376121415110857,1.0,5,0.0
0,42,195,Sortition,-1.3427022486088147,0.0,10,0.0
0,42,195,PKD,-0.09086419962027595,0.0,10,0.0
0,42,195,Sortition + deliberation,-1.2151509762310113,0.0,10,0.0
0,42,196,Autocracy,-13.631155180756151,0.0,1,0.0
0,42,196,Appeal-based selection baseline,-1.5353617164428257,1.0,5,0.0
0,42,196,Sortition,-0.5236900950982366,0.0,10,0.0
0,42,196,PKD,-0.18323041975031984,0.0,10,0.0
0,42,196,Sortition + deliberation,-1.3879502269958464,0.0,10,0.0
0,42,197,Autocracy,-21.414901408454288,0.0,1,0.0
0,42,197,Appeal-based selection baseline,-1.8268622700046533,1.0,5,0.0
0,42,197,Sortition,-0.9692404958665946,0.0,10,0.0
0,42,197,PKD,-0.19313688394522444,0.0,10,0.0
0,42,197,Sortition + deliberation,-0.5460579441058063,0.0,10,0.0
0,42,198,Autocracy,-10.347707791962296,0.0,1,0.0
0,42,198,Appeal-based selection baseline,-0.9356082163111987,1.0,5,0.0
0,42,198,Sortition,-0.3887318616480369,0.0,10,0.0
0,42,198,PKD,-0.13893174399451144,0.1,10,0.0
0,42,198,Sortition + deliberation,-0.9310693475785666,0.0,10,0.0
0,42,199,Autocracy,-18.50272770756671,0.0,1,0.0
0,42,199,Appeal-based selection baseline,-1.8559371780721847,1.0,5,0.0
0,42,199,Sortition,-0.15883793799813267,0.0,10,0.0
0,42,199,PKD,-0.09117696616815872,0.1,10,0.0
0,42,199,Sortition + deliberation,-1.0799956656950012,0.0,10,0.0
0,42,200,Autocracy,-21.603838455163547,0.0,1,0.0
0,42,200,Appeal-based selection baseline,-2.5609809525412746,1.0,5,0.0
0,42,200,Sortition,-1.7466638552623936,0.0,10,0.0
0,42,200,PKD,-0.10407163241207523,0.1,10,0.0
0,42,200,Sortition + deliberation,-1.2783663320053402,0.0,10,0.0
0,42,201,Autocracy,-22.545894474401337,0.0,1,0.0
0,42,201,Appeal-based selection baseline,-1.4322699904596332,1.0,5,0.0
0,42,201,Sortition,-0.6853908413911085,0.0,10,0.0
0,42,201,PKD,-0.09165391704375163,0.1,10,0.0
0,42,201,Sortition + deliberation,-1.797816783152408,0.0,10,0.0
0,42,202,Autocracy,-22.391178974977294,0.0,1,0.0
0,42,202,Appeal-based selection baseline,-0.9016129954169788,1.0,5,0.0
0,42,202,Sortition,-1.1408496157859007,0.0,10,0.0
0,42,202,PKD,-0.17966260873511358,0.1,10,0.0
0,42,202,Sortition + deliberation,-3.8641312859456463,0.0,10,0.0
0,42,203,Autocracy,-18.163552053650548,0.0,1,0.0
0,42,203,Appeal-based selection baseline,-1.1882340680323376,1.0,5,0.0
0,42,203,Sortition,-1.0080720573879416,0.0,10,0.0
0,42,203,PKD,-0.27209018609389696,0.1,10,0.0
0,42,203,Sortition + deliberation,-1.9275599367936282,0.0,10,0.0
0,42,204,Autocracy,-14.533944521384809,0.0,1,0.0
0,42,204,Appeal-based selection baseline,-1.502115505187926,1.0,5,0.0
0,42,204,Sortition,-0.5654029503059943,0.1,10,0.0
0,42,204,PKD,-0.06574629750672104,0.1,10,0.0
0,42,204,Sortition + deliberation,-0.5717663631480325,0.1,10,0.0
0,42,205,Autocracy,-12.337760853870584,0.0,1,0.0
0,42,205,Appeal-based selection baseline,-1.6854904141106735,1.0,5,0.0
0,42,205,Sortition,-0.5659325569521045,0.1,10,0.0
0,42,205,PKD,-0.07054086408856822,0.1,10,0.0
0,42,205,Sortition + deliberation,-0.4802934088520361,0.1,10,0.0
0,42,206,Autocracy,-10.238041158678026,0.0,1,0.0
0,42,206,Appeal-based selection baseline,-2.685555202281633,1.0,5,0.0
0,42,206,Sortition,-0.9725296910795249,0.1,10,0.0
0,42,206,PKD,-0.043969827981499725,0.1,10,0.0
0,42,206,Sortition + deliberation,-1.881605815110775,0.1,10,0.0
0,42,207,Autocracy,-13.703719510953851,0.0,1,0.0
0,42,207,Appeal-based selection baseline,-1.8396716198902718,1.0,5,0.0
0,42,207,Sortition,-1.1061919863001732,0.1,10,0.0
0,42,207,PKD,-0.2184438404519919,0.1,10,0.0
0,42,207,Sortition + deliberation,-0.9901381347307838,0.1,10,0.0
0,42,208,Autocracy,-9.10891844219459,0.0,1,0.0
0,42,208,Appeal-based selection baseline,-1.223704317801135,1.0,5,0.0
0,42,208,Sortition,-0.8240237441399971,0.1,10,0.0
0,42,208,PKD,-0.03874625535779502,0.1,10,0.0
0,42,208,Sortition + deliberation,-0.9337677260393034,0.1,10,0.0
0,42,209,Autocracy,-9.362243724946861,0.0,1,0.0
0,42,209,Appeal-based selection baseline,-1.104962466055175,1.0,5,0.0
0,42,209,Sortition,-0.9727075187359686,0.1,10,0.0
0,42,209,PKD,-0.1676168460561228,0.1,10,0.0
0,42,209,Sortition + deliberation,-2.7434564635732874,0.1,10,0.0
0,42,210,Autocracy,-7.930324925330105,0.0,1,0.0
0,42,210,Appeal-based selection baseline,-0.7722102155455697,1.0,5,0.0
0,42,210,Sortition,-2.140596678725264,0.1,10,0.0
0,42,210,PKD,-0.10771487930171648,0.0,10,0.0
0,42,210,Sortition + deliberation,-1.317693473962753,0.0,10,0.0
0,42,211,Autocracy,-37.39130416812599,0.0,1,0.0
0,42,211,Appeal-based selection baseline,-2.555072629241927,1.0,5,0.0
0,42,211,Sortition,-1.305844123403476,0.1,10,0.0
0,42,211,PKD,-0.04428691756460145,0.0,10,0.0
0,42,211,Sortition + deliberation,-0.9040602347468957,0.0,10,0.0
0,42,212,Autocracy,-30.35115020777842,0.0,1,0.0
0,42,212,Appeal-based selection baseline,-1.71205306583528,1.0,5,0.0
0,42,212,Sortition,-0.8138502906540727,0.1,10,0.0
0,42,212,PKD,-0.10025274368852893,0.0,10,0.0
0,42,212,Sortition + deliberation,-1.62582066779061,0.0,10,0.0
0,42,213,Autocracy,-19.318051224565323,0.0,1,0.0
0,42,213,Appeal-based selection baseline,-2.321433846622166,1.0,5,0.0
0,42,213,Sortition,-0.8322634241257681,0.1,10,0.0
0,42,213,PKD,-0.10630798163241162,0.0,10,0.0
0,42,213,Sortition + deliberation,-0.85719287955634,0.0,10,0.0
0,42,214,Autocracy,-10.341392559133899,0.0,1,0.0
0,42,214,Appeal-based selection baseline,-0.9103783953476652,1.0,5,0.0
0,42,214,Sortition,-0.9566282610645599,0.1,10,0.0
0,42,214,PKD,-0.140948134214342,0.0,10,0.0
0,42,214,Sortition + deliberation,-1.8716144355732707,0.0,10,0.0
0,42,215,Autocracy,-6.3563564022760035,0.0,1,0.0
0,42,215,Appeal-based selection baseline,-1.5093416784549456,1.0,5,0.0
0,42,215,Sortition,-1.003113814150619,0.1,10,0.0
0,42,215,PKD,-0.17395699531373318,0.0,10,0.0
0,42,215,Sortition + deliberation,-0.9335226827267089,0.0,10,0.0
0,42,216,Autocracy,-21.974992022857073,0.0,1,0.0
0,42,216,Appeal-based selection baseline,-1.613355278847595,0.8,5,0.0
0,42,216,Sortition,-0.2509197530974979,0.0,10,0.0
0,42,216,PKD,-0.14579450642542474,0.0,10,0.0
0,42,216,Sortition + deliberation,-0.9006710572160094,0.1,10,0.0
0,42,217,Autocracy,-23.420427779185783,0.0,1,0.0
0,42,217,Appeal-based selection baseline,-0.8703528196149005,0.8,5,0.0
0,42,217,Sortition,-0.49099619972251524,0.0,10,0.0
0,42,217,PKD,-0.1577700631445505,0.0,10,0.0
0,42,217,Sortition + deliberation,-0.8902482085105,0.1,10,0.0
0,42,218,Autocracy,-35.31544089314542,0.0,1,0.0
0,42,218,Appeal-based selection baseline,-2.6551854353641673,0.8,5,0.0
0,42,218,Sortition,-0.4651988122329688,0.0,10,0.0
0,42,218,PKD,-0.047589248979315345,0.0,10,0.0
0,42,218,Sortition + deliberation,-0.5803279602759175,0.1,10,0.0
0,42,219,Autocracy,-19.138265644551893,0.0,1,0.0
0,42,219,Appeal-based selection baseline,-0.7762976535811498,0.8,5,0.0
0,42,219,Sortition,-0.6343215882124673,0.0,10,0.0
0,42,219,PKD,-0.09757734479496337,0.0,10,0.0
0,42,219,Sortition + deliberation,-1.9031488925425797,0.1,10,0.0
0,42,220,Autocracy,-47.00367050131577,0.0,1,0.0
0,42,220,Appeal-based selection baseline,-2.005673262755752,0.8,5,0.0
0,42,220,Sortition,-0.35606355352020314,0.0,10,0.0
0,42,220,PKD,-0.07076798158592765,0.0,10,0.0
0,42,220,Sortition + deliberation,-0.6652037866169338,0.1,10,0.0
0,42,221,Autocracy,-16.414039057527056,0.0,1,0.0
0,42,221,Appeal-based selection baseline,-0.9011005735699245,0.8,5,0.0
0,42,221,Sortition,-1.106498719058793,0.0,10,0.0
0,42,221,PKD,-0.1305894358523767,0.0,10,0.0
0,42,221,Sortition + deliberation,-1.061328906260179,0.1,10,0.0
0,42,222,Autocracy,-19.47569394177727,0.0,1,0.0
0,42,222,Appeal-based selection baseline,-1.5495998007648417,0.8,5,0.0
0,42,222,Sortition,-0.8139697745235066,0.0,10,0.0
0,42,222,PKD,-0.09559147595201421,0.2,10,0.0
0,42,222,Sortition + deliberation,-0.4445373142886631,0.0,10,0.0
0,42,223,Autocracy,-25.956270129972275,0.0,1,0.0
0,42,223,Appeal-based selection baseline,-1.0518294613543455,0.8,5,0.0
0,42,223,Sortition,-1.1131729782184419,0.0,10,0.0
0,42,223,PKD,-0.06893603459418557,0.2,10,0.0
0,42,223,Sortition + deliberation,-0.9083805972828967,0.0,10,0.0
0,42,224,Autocracy,-32.05471639606809,0.0,1,0.0
0,42,224,Appeal-based selection baseline,-2.242918356136929,0.8,5,0.0
0,42,224,Sortition,-1.248479922934567,0.0,10,0.0
0,42,224,PKD,-0.11158510727452642,0.2,10,0.0
0,42,224,Sortition + deliberation,-0.9133700348159977,0.0,10,0.0
0,42,225,Autocracy,-5.849296299626243,0.0,1,0.0
0,42,225,Appeal-based selection baseline,-1.4287455953374537,0.8,5,0.0
0,42,225,Sortition,-0.9352124359081846,0.0,10,0.0
0,42,225,PKD,-0.19312057011107425,0.2,10,0.0
0,42,225,Sortition + deliberation,-1.0470863591879187,0.0,10,0.0
0,42,226,Autocracy,-7.028512596644088,0.0,1,0.0
0,42,226,Appeal-based selection baseline,-1.1170837945741403,0.8,5,0.0
0,42,226,Sortition,-1.126656122285672,0.0,10,0.0
0,42,226,PKD,-0.11298678440583931,0.2,10,0.0
0,42,226,Sortition + deliberation,-0.5537621706870433,0.0,10,0.0
0,42,227,Autocracy,-15.20657203709911,0.0,1,0.0
0,42,227,Appeal-based selection baseline,-1.7039076398314883,0.8,5,0.0
0,42,227,Sortition,-0.5814020956840168,0.0,10,0.0
0,42,227,PKD,-0.1273064524749548,0.2,10,0.0
0,42,227,Sortition + deliberation,-0.6867506914948633,0.0,10,0.0
0,42,228,Autocracy,-49.836265427153734,0.0,1,0.0
0,42,228,Appeal-based selection baseline,-1.1612285702176801,1.0,5,0.0
0,42,228,Sortition,-0.9733916365609958,0.0,10,0.0
0,42,228,PKD,-0.04263070197068004,0.0,10,0.0
0,42,228,Sortition + deliberation,-0.5639994801625503,0.0,10,0.0
0,42,229,Autocracy,-11.52569922869535,0.0,1,0.0
0,42,229,Appeal-based selection baseline,-1.4436009716196143,1.0,5,0.0
0,42,229,Sortition,-0.9050628310063386,0.0,10,0.0
0,42,229,PKD,-0.09278610666331613,0.0,10,0.0
0,42,229,Sortition + deliberation,-1.6870056052306668,0.0,10,0.0
0,42,230,Autocracy,-43.183948440473095,0.0,1,0.0
0,42,230,Appeal-based selection baseline,-1.8458648602297505,1.0,5,0.0
0,42,230,Sortition,-0.9387286880392839,0.0,10,0.0
0,42,230,PKD,-0.06374907908503974,0.0,10,0.0
0,42,230,Sortition + deliberation,-1.5262160633363355,0.0,10,0.0
0,42,231,Autocracy,-14.537594458669407,0.0,1,0.0
0,42,231,Appeal-based selection baseline,-0.9855079221610665,1.0,5,0.0
0,42,231,Sortition,-0.7385506840353997,0.0,10,0.0
0,42,231,PKD,-0.05623517204908836,0.0,10,0.0
0,42,231,Sortition + deliberation,-1.3467574625158334,0.0,10,0.0
0,42,232,Autocracy,-6.565194214380881,0.0,1,0.0
0,42,232,Appeal-based selection baseline,-1.0534238923220052,1.0,5,0.0
0,42,232,Sortition,-0.2485243117304872,0.0,10,0.0
0,42,232,PKD,-0.09841120375156255,0.0,10,0.0
0,42,232,Sortition + deliberation,-1.3578873466802306,0.0,10,0.0
0,42,233,Autocracy,-35.74462515717357,0.0,1,0.0
0,42,233,Appeal-based selection baseline,-1.9507009156738242,1.0,5,0.0
0,42,233,Sortition,-1.5620917553369553,0.0,10,0.0
0,42,233,PKD,-0.13929456145332605,0.0,10,0.0
0,42,233,Sortition + deliberation,-1.1346212881831503,0.0,10,0.0
0,42,234,Autocracy,-16.99134388259384,0.0,1,0.0
0,42,234,Appeal-based selection baseline,-2.555406598827765,1.0,5,0.0
0,42,234,Sortition,-2.4045671786966247,0.0,10,0.0
0,42,234,PKD,-0.26209768273000356,0.0,10,0.0
0,42,234,Sortition + deliberation,-0.6927650490651192,0.0,10,0.0
0,42,235,Autocracy,-16.594513209533403,0.0,1,0.0
0,42,235,Appeal-based selection baseline,-2.0923562638205646,1.0,5,0.0
0,42,235,Sortition,-0.6723066651760845,0.0,10,0.0
0,42,235,PKD,-0.12958410773227155,0.0,10,0.0
0,42,235,Sortition + deliberation,-0.9023696573334117,0.0,10,0.0
0,42,236,Autocracy,-31.551734699110686,0.0,1,0.0
0,42,236,Appeal-based selection baseline,-2.0467874899442764,1.0,5,0.0
0,42,236,Sortition,-0.283649082062499,0.0,10,0.0
0,42,236,PKD,-0.12704787102144482,0.0,10,0.0
0,42,236,Sortition + deliberation,-0.4401374829038281,0.0,10,0.0
0,42,237,Autocracy,-15.80552376687734,0.0,1,0.0
0,42,237,Appeal-based selection baseline,-2.214461963062081,1.0,5,0.0
0,42,237,Sortition,-0.8829972837071979,0.0,10,0.0
0,42,237,PKD,-0.13568830651586306,0.0,10,0.0
0,42,237,Sortition + deliberation,-1.029086766491716,0.0,10,0.0
0,42,238,Autocracy,-16.37463403870736,0.0,1,0.0
0,42,238,Appeal-based selection baseline,-2.2185343678882177,1.0,5,0.0
0,42,238,Sortition,-0.835753954987476,0.0,10,0.0
0,42,238,PKD,-0.16250073065172194,0.0,10,0.0
0,42,238,Sortition + deliberation,-0.7763463347408197,0.0,10,0.0
0,42,239,Autocracy,-30.870157525675452,0.0,1,0.0
0,42,239,Appeal-based selection baseline,-1.2022157061140963,1.0,5,0.0
0,42,239,Sortition,-0.3854958056139464,0.0,10,0.0
0,42,239,PKD,-0.13254402938033247,0.0,10,0.0
0,42,239,Sortition + deliberation,-0.532124155241642,0.0,10,0.0
0,42,240,Autocracy,-1.5556513456023278,0.0,1,0.0
0,42,240,Appeal-based selection baseline,-2.3014608079343843,1.0,5,0.0
0,42,240,Sortition,-0.5188096311234471,0.1,10,0.0
0,42,240,PKD,-0.015336835151012447,0.1,10,0.0
0,42,240,Sortition + deliberation,-1.0392079259531444,0.0,10,0.0
0,42,241,Autocracy,-2.0321064484596656,0.0,1,0.0
0,42,241,Appeal-based selection baseline,-2.1077516826864366,1.0,5,0.0
0,42,241,Sortition,-1.0091148195766904,0.1,10,0.0
0,42,241,PKD,-0.07920609018616931,0.1,10,0.0
0,42,241,Sortition + deliberation,-0.36105599308819025,0.0,10,0.0
0,42,242,Autocracy,-2.7029861105712856,0.0,1,0.0
0,42,242,Appeal-based selection baseline,-2.8386452630018004,1.0,5,0.0
0,42,242,Sortition,-0.20384721655184423,0.1,10,0.0
0,42,242,PKD,-0.07510243161747725,0.1,10,0.0
0,42,242,Sortition + deliberation,-0.8194802867974809,0.0,10,0.0
0,42,243,Autocracy,-1.9818252585523595,0.0,1,0.0
0,42,243,Appeal-based selection baseline,-2.5518286865809925,1.0,5,0.0
0,42,243,Sortition,-0.40176186058893754,0.1,10,0.0
0,42,243,PKD,-0.12584545747462297,0.1,10,0.0
0,42,243,Sortition + deliberation,-0.9845316508204375,0.0,10,0.0
0,42,244,Autocracy,-1.754436921114201,0.0,1,0.0
0,42,244,Appeal-based selection baseline,-1.486295835238898,1.0,5,0.0
0,42,244,Sortition,-0.20897991722564027,0.1,10,0.0
0,42,244,PKD,-0.12952078556414268,0.1,10,0.0
0,42,244,Sortition + deliberation,-0.8469189602941304,0.0,10,0.0
0,42,245,Autocracy,-1.2405977487204949,0.0,1,0.0
0,42,245,Appeal-based selection baseline,-1.2220416370913363,1.0,5,0.0
0,42,245,Sortition,-1.3001182321252598,0.1,10,0.0
0,42,245,PKD,-0.07713329528893403,0.1,10,0.0
0,42,245,Sortition + deliberation,-1.4601302712684405,0.0,10,0.0
0,42,246,Autocracy,-1.6865274946771953,0.0,1,0.0
0,42,246,Appeal-based selection baseline,-2.2919602862720745,1.0,5,0.0
0,42,246,Sortition,-1.5547055072475633,0.1,10,0.0
0,42,246,PKD,-0.07908491612780276,0.0,10,0.0
0,42,246,Sortition + deliberation,-0.7965354105101239,0.0,10,0.0
0,42,247,Autocracy,-2.8711823437501374,0.0,1,0.0
0,42,247,Appeal-based selection baseline,-2.4101712701813196,1.0,5,0.0
0,42,247,Sortition,-1.358897764284002,0.1,10,0.0
0,42,247,PKD,-0.14759244510148042,0.0,10,0.0
0,42,247,Sortition + deliberation,-0.6710723193393433,0.0,10,0.0
0,42,248,Autocracy,-3.814885020095409,0.0,1,0.0
0,42,248,Appeal-based selection baseline,-1.3541504491722123,1.0,5,0.0
0,42,248,Sortition,-0.8376504328427999,0.1,10,0.0
0,42,248,PKD,-0.1465227331412066,0.0,10,0.0
0,42,248,Sortition + deliberation,-1.613964960178587,0.0,10,0.0
0,42,249,Autocracy,-4.089399666672979,0.0,1,0.0
0,42,249,Appeal-based selection baseline,-1.4246406757092287,1.0,5,0.0
0,42,249,Sortition,-0.4632027004291563,0.1,10,0.0
0,42,249,PKD,-0.06203488838218127,0.0,10,0.0
0,42,249,Sortition + deliberation,-0.9339812425477534,0.0,10,0.0
0,42,250,Autocracy,-2.5327092710039003,0.0,1,0.0
0,42,250,Appeal-based selection baseline,-1.0928109945952258,1.0,5,0.0
0,42,250,Sortition,-0.7746475741272661,0.1,10,0.0
0,42,250,PKD,-0.08788998967083575,0.0,10,0.0
0,42,250,Sortition + deliberation,-0.6621433357132693,0.0,10,0.0
0,42,251,Autocracy,-1.454736576550909,0.0,1,0.0
0,42,251,Appeal-based selection baseline,-1.049930030476856,1.0,5,0.0
0,42,251,Sortition,-1.0417333327904186,0.1,10,0.0
0,42,251,PKD,-0.09797044054374063,0.0,10,0.0
0,42,251,Sortition + deliberation,-1.3245691206367065,0.0,10,0.0
0,42,252,Autocracy,-2.160214160697465,0.0,1,0.0
0,42,252,Appeal-based selection baseline,-1.9180834970457092,0.8,5,0.0
0,42,252,Sortition,-0.39041504975381003,0.1,10,0.0
0,42,252,PKD,-0.0856668213461804,0.0,10,0.0
0,42,252,Sortition + deliberation,-1.090360459472605,0.2,10,0.0
0,42,253,Autocracy,-0.8927001552206768,0.0,1,0.0
0,42,253,Appeal-based selection baseline,-1.5068912240731487,0.8,5,0.0
0,42,253,Sortition,-0.5458868063751944,0.1,10,0.0
0,42,253,PKD,-0.11279094092069247,0.0,10,0.0
0,42,253,Sortition + deliberation,-1.0980833564831776,0.2,10,0.0
0,42,254,Autocracy,-2.2200080590999924,0.0,1,0.0
0,42,254,Appeal-based selection baseline,-2.383412973893405,0.8,5,0.0
0,42,254,Sortition,-1.5192536675554482,0.1,10,0.0
0,42,254,PKD,-0.1062697531946086,0.0,10,0.0
0,42,254,Sortition + deliberation,-0.6213975058835913,0.2,10,0.0
0,42,255,Autocracy,-0.8731929566119538,0.0,1,0.0
0,42,255,Appeal-based selection baseline,-1.8520256726148245,0.8,5,0.0
0,42,255,Sortition,-0.5544657815609014,0.1,10,0.0
0,42,255,PKD,-0.10515294153178877,0.0,10,0.0
0,42,255,Sortition + deliberation,-0.534447223675321,0.2,10,0.0
0,42,256,Autocracy,-0.7140033828374318,0.0,1,0.0
0,42,256,Appeal-based selection baseline,-2.6903305777115585,0.8,5,0.0
0,42,256,Sortition,-1.457386179019635,0.1,10,0.0
0,42,256,PKD,-0.05970393470234107,0.0,10,0.0
0,42,256,Sortition + deliberation,-0.9002286299254908,0.2,10,0.0
0,42,257,Autocracy,-2.8796693007307437,0.0,1,0.0
0,42,257,Appeal-based selection baseline,-1.3834709074944167,0.8,5,0.0
0,42,257,Sortition,-1.4091266601279628,0.1,10,0.0
0,42,257,PKD,-0.16276433912826588,0.0,10,0.0
0,42,257,Sortition + deliberation,-1.0719887604032914,0.2,10,0.0
0,42,258,Autocracy,-1.448978306407533,0.0,1,0.0
0,42,258,Appeal-based selection baseline,-3.053292575281558,0.8,5,0.0
0,42,258,Sortition,-0.5602600433477168,0.1,10,0.0
0,42,258,PKD,-0.04981237181775674,0.0,10,0.0
0,42,258,Sortition + deliberation,-0.9334533970249341,0.0,10,0.0
0,42,259,Autocracy,-2.095272951589651,0.0,1,0.0
0,42,259,Appeal-based selection baseline,-2.838630589807605,0.8,5,0.0
0,42,259,Sortition,-1.623660783003746,0.1,10,0.0
0,42,259,PKD,-0.06252613155894121,0.0,10,0.0
0,42,259,Sortition + deliberation,-0.5339273528489918,0.0,10,0.0
0,42,260,Autocracy,-1.9551744674499998,0.0,1,0.0
0,42,260,Appeal-based selection baseline,-1.9579157563371976,0.8,5,0.0
0,42,260,Sortition,-1.0963662871795152,0.1,10,0.0
0,42,260,PKD,-0.10827984407984023,0.0,10,0.0
0,42,260,Sortition + deliberation,-0.7117411205185673,0.0,10,0.0
0,42,261,Autocracy,-1.7308146576158225,0.0,1,0.0
0,42,261,Appeal-based selection baseline,-3.414640449188374,0.8,5,0.0
0,42,261,Sortition,-1.052921067112726,0.1,10,0.0
0,42,261,PKD,-0.08789712081034559,0.0,10,0.0
0,42,261,Sortition + deliberation,-0.9791395599401834,0.0,10,0.0
0,42,262,Autocracy,-1.79122366072947,0.0,1,0.0
0,42,262,Appeal-based selection baseline,-2.7875426289951473,0.8,5,0.0
0,42,262,Sortition,-0.8656385395240827,0.1,10,0.0
0,42,262,PKD,-0.10418660351507575,0.0,10,0.0
0,42,262,Sortition + deliberation,-0.6644691355473377,0.0,10,0.0
0,42,263,Autocracy,-1.3748101073753352,0.0,1,0.0
0,42,263,Appeal-based selection baseline,-1.1095855517995576,0.8,5,0.0
0,42,263,Sortition,-2.4612829374572147,0.1,10,0.0
0,42,263,PKD,-0.11163381397547222,0.0,10,0.0
0,42,263,Sortition + deliberation,-0.9536033868887149,0.0,10,0.0
0,42,264,Autocracy,-3.7637638776045668,0.0,1,0.0
0,42,264,Appeal-based selection baseline,-4.0825384673808305,0.6,5,0.0
0,42,264,Sortition,-0.7382001997764718,0.0,10,0.0
0,42,264,PKD,-0.13171964304766942,0.0,10,0.0
0,42,264,Sortition + deliberation,-0.5153853593416988,0.2,10,0.0
0,42,265,Autocracy,-1.6346708848230098,0.0,1,0.0
0,42,265,Appeal-based selection baseline,-2.148830391349687,0.6,5,0.0
0,42,265,Sortition,-0.15263834666538229,0.0,10,0.0
0,42,265,PKD,-0.09578589562883894,0.0,10,0.0
0,42,265,Sortition + deliberation,-0.9399366596395311,0.2,10,0.0
0,42,266,Autocracy,-2.0221374501962583,0.0,1,0.0
0,42,266,Appeal-based selection baseline,-0.9952643814728402,0.6,5,0.0
0,42,266,Sortition,-0.6675683249956025,0.0,10,0.0
0,42,266,PKD,-0.08724017402769284,0.0,10,0.0
0,42,266,Sortition + deliberation,-0.5087530717912195,0.2,10,0.0
0,42,267,Autocracy,-1.6486106185394227,0.0,1,0.0
0,42,267,Appeal-based selection baseline,-1.3424525031684045,0.6,5,0.0
0,42,267,Sortition,-0.6139894112111776,0.0,10,0.0
0,42,267,PKD,-0.11830836201698813,0.0,10,0.0
0,42,267,Sortition + deliberation,-0.7383138039875008,0.2,10,0.0
0,42,268,Autocracy,-1.4794749521459551,0.0,1,0.0
0,42,268,Appeal-based selection baseline,-1.9602595301874661,0.6,5,0.0
0,42,268,Sortition,-0.5527727050310509,0.0,10,0.0
0,42,268,PKD,-0.13269908052865542,0.0,10,0.0
0,42,268,Sortition + deliberation,-0.9516283063353363,0.2,10,0.0
0,42,269,Autocracy,-1.668664990625503,0.0,1,0.0
0,42,269,Appeal-based selection baseline,-0.7663999507021992,0.6,5,0.0
0,42,269,Sortition,-0.5276713454966553,0.0,10,0.0
0,42,269,PKD,-0.11697503070264118,0.0,10,0.0
0,42,269,Sortition + deliberation,-1.3817614894726886,0.2,10,0.0
0,42,270,Autocracy,-3.1186948839237667,0.0,1,0.0
0,42,270,Appeal-based selection baseline,-4.279994456729667,0.6,5,0.0
0,42,270,Sortition,-0.7848358783476905,0.0,10,0.0
0,42,270,PKD,-0.05555963719601789,0.0,10,0.0
0,42,270,Sortition + deliberation,-0.7804592593043349,0.1,10,0.0
0,42,271,Autocracy,-0.8285407609957851,0.0,1,0.0
0,42,271,Appeal-based selection baseline,-2.4245233971021776,0.6,5,0.0
0,42,271,Sortition,-1.6863106248246855,0.0,10,0.0
0,42,271,PKD,-0.06024048354588497,0.0,10,0.0
0,42,271,Sortition + deliberation,-1.378735304532897,0.1,10,0.0
0,42,272,Autocracy,-2.5347402139528605,0.0,1,0.0
0,42,272,Appeal-based selection baseline,-5.241977042481198,0.6,5,0.0
0,42,272,Sortition,-1.3794338575637684,0.0,10,0.0
0,42,272,PKD,-0.11519904276872776,0.0,10,0.0
0,42,272,Sortition + deliberation,-1.1890690435766378,0.1,10,0.0
0,42,273,Autocracy,-3.493399325099195,0.0,1,0.0
0,42,273,Appeal-based selection baseline,-3.676736202109888,0.6,5,0.0
0,42,273,Sortition,-1.6473183812500856,0.0,10,0.0
0,42,273,PKD,-0.1684257640447245,0.0,10,0.0
0,42,273,Sortition + deliberation,-1.3370873324799117,0.1,10,0.0
0,42,274,Autocracy,-3.346790029218978,0.0,1,0.0
0,42,274,Appeal-based selection baseline,-3.5740970147157123,0.6,5,0.0
0,42,274,Sortition,-0.6231063009504969,0.0,10,0.0
0,42,274,PKD,-0.1920064804294922,0.0,10,0.0
0,42,274,Sortition + deliberation,-2.3855624165446283,0.1,10,0.0
0,42,275,Autocracy,-3.1790064263637667,0.0,1,0.0
0,42,275,Appeal-based selection baseline,-2.880261078308167,0.6,5,0.0
0,42,275,Sortition,-0.6327954875269932,0.0,10,0.0
0,42,275,PKD,-0.08330505701495752,0.0,10,0.0
0,42,275,Sortition + deliberation,-2.421086612043939,0.1,10,0.0
0,42,276,Autocracy,-1.816718331777588,0.0,1,0.0
0,42,276,Appeal-based selection baseline,-2.4800184665075964,0.8,5,0.0
0,42,276,Sortition,-0.6907223424681387,0.0,10,0.0
0,42,276,PKD,-0.09386664370428519,0.0,10,0.0
0,42,276,Sortition + deliberation,-0.872123734643039,0.0,10,0.0
0,42,277,Autocracy,-5.240079634753195,0.0,1,0.0
0,42,277,Appeal-based selection baseline,-2.0144388250379506,0.8,5,0.0
0,42,277,Sortition,-0.3162866396915828,0.0,10,0.0
0,42,277,PKD,-0.06656541803787992,0.0,10,0.0
0,42,277,Sortition + deliberation,-0.3205693520581307,0.0,10,0.0
0,42,278,Autocracy,-1.035935143259427,0.0,1,0.0
0,42,278,Appeal-based selection baseline,-1.8445630343069075,0.8,5,0.0
0,42,278,Sortition,-1.1956845349465537,0.0,10,0.0
0,42,278,PKD,-0.13996688144594804,0.0,10,0.0
0,42,278,Sortition + deliberation,-0.3843817758303559,0.0,10,0.0
0,42,279,Autocracy,-1.7823026926091223,0.0,1,0.0
0,42,279,Appeal-based selection baseline,-0.48255396214393453,0.8,5,0.0
0,42,279,Sortition,-1.1949220241281295,0.0,10,0.0
0,42,279,PKD,-0.12643407654785285,0.0,10,0.0
0,42,279,Sortition + deliberation,-0.3902164382975979,0.0,10,0.0
0,42,280,Autocracy,-3.2886214165875365,0.0,1,0.0
0,42,280,Appeal-based selection baseline,-1.2374442088753284,0.8,5,0.0
0,42,280,Sortition,-0.37654275413743943,0.0,10,0.0
0,42,280,PKD,-0.16950798779717355,0.0,10,0.0
0,42,280,Sortition + deliberation,-0.8098170693945699,0.0,10,0.0
0,42,281,Autocracy,-2.132174982419377,0.0,1,0.0
0,42,281,Appeal-based selection baseline,-1.9197442210659237,0.8,5,0.0
0,42,281,Sortition,-0.9280105957280219,0.0,10,0.0
0,42,281,PKD,-0.19416218491669385,0.0,10,0.0
0,42,281,Sortition + deliberation,-0.6866388806022713,0.0,10,0.0
0,42,282,Autocracy,-1.5162118033871907,0.0,1,0.0
0,42,282,Appeal-based selection baseline,-2.1303637824434456,0.8,5,0.0
0,42,282,Sortition,-0.4992947919748963,0.0,10,0.0
0,42,282,PKD,-0.23740541652615438,0.0,10,0.0
0,42,282,Sortition + deliberation,-0.5480648084256292,0.0,10,0.0
0,42,283,Autocracy,-2.021046447719513,0.0,1,0.0
0,42,283,Appeal-based selection baseline,-1.3157354872196938,0.8,5,0.0
0,42,283,Sortition,-0.5636920413824309,0.0,10,0.0
0,42,283,PKD,-0.16342514205745265,0.0,10,0.0
0,42,283,Sortition + deliberation,-1.3998312341185049,0.0,10,0.0
0,42,284,Autocracy,-2.1822835399209213,0.0,1,0.0
0,42,284,Appeal-based selection baseline,-2.110398449733547,0.8,5,0.0
0,42,284,Sortition,-0.8819315725002482,0.0,10,0.0
0,42,284,PKD,-0.07206681086379983,0.0,10,0.0
0,42,284,Sortition + deliberation,-1.3966220835450849,0.0,10,0.0
0,42,285,Autocracy,-2.1757169849855953,0.0,1,0.0
0,42,285,Appeal-based selection baseline,-2.692313455586676,0.8,5,0.0
0,42,285,Sortition,-0.28236703057806106,0.0,10,0.0
0,42,285,PKD,-0.06381716619280389,0.0,10,0.0
0,42,285,Sortition + deliberation,-2.3895535218278314,0.0,10,0.0
0,42,286,Autocracy,-3.2010237013853704,0.0,1,0.0
0,42,286,Appeal-based selection baseline,-1.9765095557919223,0.8,5,0.0
0,42,286,Sortition,-0.2512087327096811,0.0,10,0.0
0,42,286,PKD,-0.04558710017420289,0.0,10,0.0
0,42,286,Sortition + deliberation,-1.878158177244934,0.0,10,0.0
0,42,287,Autocracy,-2.6676002181187997,0.0,1,0.0
0,42,287,Appeal-based selection baseline,-1.2276867625238792,0.8,5,0.0
0,42,287,Sortition,-0.2511272764084566,0.0,10,0.0
0,42,287,PKD,-0.038780132114677505,0.0,10,0.0
0,42,287,Sortition + deliberation,-2.5888548151257913,0.0,10,0.0
0,42,288,Autocracy,-5.787414522379203,0.0,1,0.0
0,42,288,Appeal-based selection baseline,-1.783128874954887,0.8,5,0.0
0,42,288,Sortition,-1.6422864648683915,0.1,10,0.0
0,42,288,PKD,-0.12904390880662217,0.0,10,0.0
0,42,288,Sortition + deliberation,-1.8674872455035691,0.1,10,0.0
0,42,289,Autocracy,-3.550543157501135,0.0,1,0.0
0,42,289,Appeal-based selection baseline,-1.2812223580589042,0.8,5,0.0
0,42,289,Sortition,-0.6154399228766952,0.1,10,0.0
0,42,289,PKD,-0.20771395169002302,0.0,10,0.0
0,42,289,Sortition + deliberation,-1.3975632554347608,0.1,10,0.0
0,42,290,Autocracy,-1.5951753330570524,0.0,1,0.0
0,42,290,Appeal-based selection baseline,-2.0272896655540933,0.8,5,0.0
0,42,290,Sortition,-0.752618040735246,0.1,10,0.0
0,42,290,PKD,-0.21666230342265863,0.0,10,0.0
0,42,290,Sortition + deliberation,-2.9328048869032015,0.1,10,0.0
0,42,291,Autocracy,-1.9153063513381978,0.0,1,0.0
0,42,291,Appeal-based selection baseline,-2.7371918963619315,0.8,5,0.0
0,42,291,Sortition,-0.832853537707648,0.1,10,0.0
0,42,291,PKD,-0.21841247911535566,0.0,10,0.0
0,42,291,Sortition + deliberation,-0.6774239521750961,0.1,10,0.0
0,42,292,Autocracy,-6.073788641667648,0.0,1,0.0
0,42,292,Appeal-based selection baseline,-2.706817709092095,0.8,5,0.0
0,42,292,Sortition,-0.5681856236916212,0.1,10,0.0
0,42,292,PKD,-0.1140551966825778,0.0,10,0.0
0,42,292,Sortition + deliberation,-0.761933513057148,0.1,10,0.0
0,42,293,Autocracy,-2.575839113594952,0.0,1,0.0
0,42,293,Appeal-based selection baseline,-2.7756222122968124,0.8,5,0.0
0,42,293,Sortition,-0.533257682315414,0.1,10,0.0
0,42,293,PKD,-0.11286181617833094,0.0,10,0.0
0,42,293,Sortition + deliberation,-0.6202462897005373,0.1,10,0.0
0,42,294,Autocracy,-3.0511551063281006,0.0,1,0.0
0,42,294,Appeal-based selection baseline,-1.546117755859904,0.8,5,0.0
0,42,294,Sortition,-0.8733720350485416,0.1,10,0.0
0,42,294,PKD,-0.10896460476850443,0.0,10,0.0
0,42,294,Sortition + deliberation,-2.5234791566673462,0.0,10,0.0
0,42,295,Autocracy,-3.508683120825177,0.0,1,0.0
0,42,295,Appeal-based selection baseline,-2.1756786640801278,0.8,5,0.0
0,42,295,Sortition,-1.0247622425888874,0.1,10,0.0
0,42,295,PKD,-0.3646543380383049,0.0,10,0.0
0,42,295,Sortition + deliberation,-1.3755391904465066,0.0,10,0.0
0,42,296,Autocracy,-1.9863650618220037,0.0,1,0.0
0,42,296,Appeal-based selection baseline,-1.5096092860131216,0.8,5,0.0
0,42,296,Sortition,-0.8067596986432665,0.1,10,0.0
0,42,296,PKD,-0.15244576800310533,0.0,10,0.0
0,42,296,Sortition + deliberation,-1.2238869664936862,0.0,10,0.0
0,42,297,Autocracy,-3.90163597849598,0.0,1,0.0
0,42,297,Appeal-based selection baseline,-0.6555220338751768,0.8,5,0.0
0,42,297,Sortition,-1.6149651317661808,0.1,10,0.0
0,42,297,PKD,-0.07877291504913479,0.0,10,0.0
0,42,297,Sortition + deliberation,-1.2503188537309688,0.0,10,0.0
0,42,298,Autocracy,-1.4928259095763425,0.0,1,0.0
0,42,298,Appeal-based selection baseline,-3.334402550253687,0.8,5,0.0
0,42,298,Sortition,-1.2761180886133727,0.1,10,0.0
0,42,298,PKD,-0.15293645153038354,0.0,10,0.0
0,42,298,Sortition + deliberation,-1.0218145678754142,0.0,10,0.0
0,42,299,Autocracy,-1.0762510060601653,0.0,1,0.0
0,42,299,Appeal-based selection baseline,-2.692017973951888,0.8,5,0.0
0,42,299,Sortition,-0.8757563374407371,0.1,10,0.0
0,42,299,PKD,-0.11111253311939653,0.0,10,0.0
0,42,299,Sortition + deliberation,-0.46224233453522623,0.0,10,0.0
