run,seed,system,mean_performance,pre_shock_performance,post_shock_performance,post_minus_pre,mean_demagogue_fraction,pre_shock_demagogue_fraction,post_shock_demagogue_fraction,post_minus_pre_demagogue_fraction,mean_represented_population_share,mean_representation_js_divergence,mean_representation_total_variation,mean_electoral_demagogue_vote_share,mean_electoral_max_candidate_vote_share
0,3256145307,Appeal-based selection baseline,-0.37056791800659333,-0.5012759997902453,-0.30521387711476733,0.19606212267547796,0.736,0.40800000000000014,0.9,0.4919999999999999,0.0644,0.8284747350335808,0.9356000000000002,0.0,0.0
0,3256145307,Autocracy,-6.762158487249678,-9.6715706502103,-5.307452405769365,4.364118244440935,0.32,0.48,0.24,-0.24,0.0116,0.9546448759991774,0.9884,0.0,0.0
0,3256145307,Direct public-indicator policy,0.0,0.0,0.0,0.0,0.0,0.0,0.0,0.0,0.0,1.0,1.0,0.0,0.0
0,3256145307,PKD,-0.276772189376622,-0.32904163681297005,-0.25063746565844797,0.07840417115452208,0.39399999999999996,0.38,0.401,0.02100000000000002,0.24840000000000004,0.5759781699605516,0.7516,0.0,0.0
0,3256145307,Population equal mean,-0.08062075110409729,-0.08032305583836649,-0.0807695987369627,-0.00044654289859620555,0.049999999999999996,0.04999999999999999,0.05,1.3877787807814457e-17,1.0,0.0,0.0,0.0,0.0
0,3256145307,Population score weighted,-0.04511995020456201,-0.04236590868889452,-0.04649697096239575,-0.004131062273501233,0.049999999999999996,0.04999999999999999,0.05,1.3877787807814457e-17,1.0,0.0,0.0,0.0,0.0
0,3256145307,Sortition,-0.7982582711179318,-0.778860842858554,-0.8079569852476207,-0.02909614238906677,0.05,0.04800000000000001,0.051,0.002999999999999989,0.2122,0.6090253771065088,0.7878000000000001,0.0,0.0
0,3256145307,Sortition + deliberation,-0.8915183190529503,-0.8655555279219149,-0.9044997146184681,-0.038944186696553196,0.054000000000000006,0.06800000000000002,0.047,-0.02100000000000002,0.22319999999999998,0.5944734724645192,0.7768,0.0,0.0
0,3256145307,Voter-aggregated election,-0.3171096171872222,-0.37447361812177254,-0.2884276167199471,0.08604600140182544,0.24799999999999997,0.21600000000000003,0.264,0.04799999999999999,0.0988,0.7671309962761437,0.9012,0.164,0.49439999999999995
1,926503245,Appeal-based selection baseline,-1.0756982338331726,-0.8871609078608768,-1.1699668968193206,-0.2828059889584439,0.736,0.3840000000000001,0.9120000000000001,0.528,0.0672,0.8246895259350805,0.9328000000000001,0.0,0.0
1,926503245,Autocracy,-10.211230284952727,-11.080366956671503,-9.776661949093338,1.3037050075781647,0.0,0.0,0.0,0.0,0.028,0.909257560647034,0.9720000000000003,0.0,0.0
1,926503245,Direct public-indicator policy,0.0,0.0,0.0,0.0,0.0,0.0,0.0,0.0,0.0,1.0,1.0,0.0,0.0
1,926503245,PKD,-0.6655099392631852,-0.5716637894191396,-0.712433014185208,-0.14076922476606835,0.274,0.24200000000000002,0.29,0.04799999999999996,0.2652,0.55404964858453,0.7348000000000001,0.0,0.0
1,926503245,Population equal mean,-0.08555177749941392,-0.08605059359081965,-0.08530236945371106,0.000748224137108594,0.049999999999999996,0.04999999999999999,0.05,1.3877787807814457e-17,1.0,0.0,0.0,0.0,0.0
1,926503245,Population score weighted,-0.08613430304161299,-0.08033073574641073,-0.08903608668921413,-0.008705350942803405,0.049999999999999996,0.04999999999999999,0.05,1.3877787807814457e-17,1.0,0.0,0.0,0.0,0.0
1,926503245,Sortition,-0.8457830985046172,-0.9013996938579253,-0.8179748008279631,0.08342489302996214,0.044,0.042,0.045,0.0029999999999999957,0.2072,0.6163906046432627,0.7928000000000001,0.0,0.0
1,926503245,Sortition + deliberation,-0.8714939930681304,-0.9725205387017695,-0.8209807202513106,0.15153981845045883,0.044000000000000004,0.042,0.045,0.0029999999999999957,0.1988,0.6274197444653629,0.8012,0.0,0.0
1,926503245,Voter-aggregated election,-0.45866751747780865,-0.6288527932746332,-0.37357487957939634,0.25527791369523684,0.24800000000000003,0.192,0.276,0.08400000000000002,0.0904,0.7819215772061867,0.9096,0.16768,0.4804
2,1263450924,Appeal-based selection baseline,-0.5441976988587353,-0.7147572201500175,-0.4589179382130941,0.2558392819369234,0.696,0.43200000000000005,0.8280000000000001,0.396,0.06520000000000001,0.8283577722706666,0.9348000000000002,0.0,0.0
2,1263450924,Autocracy,-4.428415775281895,-2.2451436823230555,-5.520051821761315,-3.274908139438259,0.2,0.48,0.06,-0.42,0.019599999999999996,0.9313979646370054,0.9804,0.0,0.0
2,1263450924,Direct public-indicator policy,0.0,0.0,0.0,0.0,0.0,0.0,0.0,0.0,0.0,1.0,1.0,0.0,0.0
2,1263450924,PKD,-0.247363084964886,-0.1675392390627506,-0.2872750079159537,-0.11973576885320308,0.382,0.272,0.43700000000000006,0.16500000000000004,0.24839999999999998,0.5773784141578736,0.7515999999999999,0.0,0.0
2,1263450924,Population equal mean,-0.08135459851733252,-0.08058862359121592,-0.08173758598039083,-0.001148962389174904,0.049999999999999996,0.04999999999999999,0.05,1.3877787807814457e-17,1.0000000000000002,0.0,0.0,0.0,0.0
2,1263450924,Population score weighted,-0.04695950655045701,-0.04549696972946732,-0.04769077496095186,-0.00219380523148454,0.049999999999999996,0.04999999999999999,0.05,1.3877787807814457e-17,1.0000000000000002,0.0,0.0,0.0,0.0
2,1263450924,Sortition,-0.8358990287358669,-0.8420555193452504,-0.832820783431175,0.00923473591407531,0.038,0.024000000000000004,0.045,0.020999999999999994,0.1924,0.636040940244001,0.8076000000000002,0.0,0.0
2,1263450924,Sortition + deliberation,-0.8389294847133666,-0.9276048597284133,-0.794591797205843,0.13301306252257028,0.04,0.03,0.045,0.015,0.19859999999999997,0.6296824423503644,0.8014,0.0,0.0
2,1263450924,Voter-aggregated election,-0.3167610625152284,-0.33889645109769523,-0.3056933682239949,0.03320308287370033,0.36,0.24799999999999997,0.4159999999999999,0.16799999999999995,0.07920000000000002,0.8034128546772752,0.9208000000000001,0.20168000000000003,0.5187999999999999
3,1463822826,Appeal-based selection baseline,-0.7547074972163702,-0.6719731793801117,-0.7960746561344996,-0.12410147675438787,0.7680000000000001,0.5360000000000001,0.8839999999999999,0.34799999999999975,0.0624,0.8320611550142477,0.9376000000000001,0.0,0.0
3,1463822826,Autocracy,-7.241435885378593,-3.431439143021364,-9.146434256557207,-5.714995113535842,0.04,0.0,0.06,0.06,0.0164,0.9399856157035902,0.9836000000000001,0.0,0.0
3,1463822826,Direct public-indicator policy,0.0,0.0,0.0,0.0,0.0,0.0,0.0,0.0,0.0,1.0,1.0,0.0,0.0
3,1463822826,PKD,-0.4620397949146212,-0.3442418217473579,-0.520938781498253,-0.1766969597508951,0.306,0.294,0.312,0.018000000000000016,0.2424,0.5783037831060256,0.7576,0.0,0.0
3,1463822826,Population equal mean,-0.08394476601422055,-0.08518398623179216,-0.08332515590543477,0.0018588303263573913,0.049999999999999996,0.04999999999999999,0.05,1.3877787807814457e-17,1.0,0.0,0.0,0.0,0.0
3,1463822826,Population score weighted,-0.06563545719850128,-0.05541791378509189,-0.070744228905206,-0.015326315120114113,0.049999999999999996,0.04999999999999999,0.05,1.3877787807814457e-17,1.0,0.0,0.0,0.0,0.0
3,1463822826,Sortition,-0.7905949636801199,-0.7597690519797257,-0.806007919530317,-0.04623886755059137,0.05,0.054000000000000006,0.048,-0.006000000000000005,0.1944,0.6279912425621692,0.8056,0.0,0.0
3,1463822826,Sortition + deliberation,-0.8316706792208483,-0.831976890028543,-0.8315175738170006,0.0004593162115423821,0.046,0.034,0.052000000000000005,0.018000000000000002,0.1916,0.6332712030514664,0.8083999999999999,0.0,0.0
3,1463822826,Voter-aggregated election,-0.35126205700655455,-0.48774059620267723,-0.2830227874084933,0.20471780879418394,0.28,0.248,0.29600000000000004,0.04800000000000004,0.09,0.7807789970579297,0.91,0.18639999999999998,0.5544
4,3438577879,Appeal-based selection baseline,-0.5759959390655586,-0.8334765037585607,-0.4472556567190573,0.38622084703950343,0.76,0.5280000000000001,0.8759999999999999,0.34799999999999975,0.06879999999999999,0.8233794435024926,0.9312,0.0,0.0
4,3438577879,Autocracy,-2.0981503989919905,-2.42815432139998,-1.9331484377879957,0.4950058836119844,0.0,0.0,0.0,0.0,0.021199999999999997,0.9274851135258328,0.9788,0.0,0.0
4,3438577879,Direct public-indicator policy,0.0,0.0,0.0,0.0,0.0,0.0,0.0,0.0,0.0,1.0,1.0,0.0,0.0
4,3438577879,PKD,-0.27690360968007305,-0.2276086891473547,-0.30155106994643227,-0.07394238079907758,0.324,0.252,0.36,0.10799999999999998,0.269,0.5538616033278231,0.7310000000000002,0.0,0.0
4,3438577879,Population equal mean,-0.08597512963363815,-0.08314718031330699,-0.08738910429380374,-0.004241923980496748,0.049999999999999996,0.04999999999999999,0.05,1.3877787807814457e-17,1.0,0.0,0.0,0.0,0.0
4,3438577879,Population score weighted,-0.05724757507004634,-0.05970389817599139,-0.05601941351707382,0.003684484658917575,0.049999999999999996,0.04999999999999999,0.05,1.3877787807814457e-17,1.0,0.0,0.0,0.0,0.0
4,3438577879,Sortition,-0.8096344197366394,-0.9325835018229505,-0.7481598786934838,0.1844236231294667,0.048,0.04000000000000001,0.052000000000000005,0.011999999999999997,0.19779999999999998,0.629806052735771,0.8022000000000001,0.0,0.0
4,3438577879,Sortition + deliberation,-0.8126898703201999,-0.8257783264781849,-0.8061456422412075,0.019632684236977394,0.06,0.084,0.04800000000000001,-0.036,0.1934,0.6353963460004833,0.8066000000000002,0.0,0.0
4,3438577879,Voter-aggregated election,-0.42010977524777077,-0.6164411199143597,-0.32194410291447634,0.29449701699988334,0.224,0.144,0.264,0.12000000000000002,0.09759999999999999,0.7725618380905359,0.9024000000000001,0.13959999999999997,0.4752
5,3800870049,Appeal-based selection baseline,-0.8147550362821749,-1.476143681880865,-0.48406071348283,0.9920829683980351,0.6719999999999999,0.3680000000000001,0.824,0.45599999999999985,0.0768,0.8089041962418339,0.9232000000000001,0.0,0.0
5,3800870049,Autocracy,-9.321432308124558,-16.697782749739567,-5.633257087317057,11.06452566242251,0.0,0.0,0.0,0.0,0.026800000000000004,0.9123774799309902,0.9732000000000002,0.0,0.0
5,3800870049,Direct public-indicator policy,0.0,0.0,0.0,0.0,0.0,0.0,0.0,0.0,0.0,1.0,1.0,0.0,0.0
5,3800870049,PKD,-0.3003242241436758,-0.3879789551896111,-0.2564968586207082,0.13148209656890292,0.34600000000000003,0.2,0.41900000000000004,0.21900000000000003,0.28420000000000006,0.5440274227090837,0.7157999999999999,0.0,0.0
5,3800870049,Population equal mean,-0.0839701179039734,-0.08503280771062553,-0.08343877300064736,0.0015940347099781677,0.049999999999999996,0.04999999999999999,0.05,1.3877787807814457e-17,1.0,0.0,0.0,0.0,0.0
5,3800870049,Population score weighted,-0.05457432551082088,-0.06760230482747197,-0.048060335852495334,0.019541968974976634,0.049999999999999996,0.04999999999999999,0.05,1.3877787807814457e-17,1.0,0.0,0.0,0.0,0.0
5,3800870049,Sortition,-0.8537604632452218,-0.8972825536136103,-0.8319994180610274,0.06528313555258292,0.056,0.06999999999999998,0.049,-0.020999999999999977,0.21319999999999997,0.6157658634894561,0.7868,0.0,0.0
5,3800870049,Sortition + deliberation,-0.8411385576565517,-0.8305758383108626,-0.846419917329396,-0.015844079018533463,0.05,0.034,0.057999999999999996,0.023999999999999994,0.20659999999999998,0.620081667774757,0.7934,0.0,0.0
5,3800870049,Voter-aggregated election,-0.465175360093363,-0.5710175418687412,-0.41225426920567393,0.15876327266306728,0.20800000000000002,0.09600000000000002,0.26400000000000007,0.16800000000000004,0.1144,0.748116846059613,0.8856,0.14447999999999997,0.4675999999999999
6,512931241,Appeal-based selection baseline,-0.5533062945383818,-1.0263704771380227,-0.3167742032385613,0.7095962738994613,0.68,0.2960000000000001,0.8720000000000002,0.5760000000000001,0.064,0.8294651598110315,0.936,0.0,0.0
6,512931241,Autocracy,-8.94328696089888,-2.5030778181834212,-12.16339153225661,-9.660313714073189,0.0,0.0,0.0,0.0,0.0248,0.9180568318567356,0.9752000000000002,0.0,0.0
6,512931241,Direct public-indicator policy,0.0,0.0,0.0,0.0,0.0,0.0,0.0,0.0,0.0,1.0,1.0,0.0,0.0
6,512931241,PKD,-0.2075253975272181,-0.15972379791101698,-0.2314261973353187,-0.0717023994243017,0.424,0.4040000000000001,0.434,0.029999999999999916,0.23580000000000004,0.5883722868849223,0.7642,0.0,0.0
6,512931241,Population equal mean,-0.07917461080450847,-0.08309276128602255,-0.07721553556375144,0.005877225722271118,0.049999999999999996,0.04999999999999999,0.05,1.3877787807814457e-17,1.0,0.0,0.0,0.0,0.0
6,512931241,Population score weighted,-0.03371067024368403,-0.029963603430027973,-0.035584203650512056,-0.005620600220484082,0.049999999999999996,0.04999999999999999,0.05,1.3877787807814457e-17,1.0,0.0,0.0,0.0,0.0
6,512931241,Sortition,-0.8078232429655632,-0.8074604178600545,-0.8080046555183173,-0.0005442376582628361,0.04,0.05199999999999999,0.034,-0.017999999999999988,0.18899999999999997,0.6380540555100203,0.811,0.0,0.0
6,512931241,Sortition + deliberation,-0.8829118449570601,-0.7566518049026894,-0.9460418649842458,-0.18939006008155645,0.038000000000000006,0.06,0.027000000000000003,-0.032999999999999995,0.1838,0.6452604265415729,0.8162,0.0,0.0
6,512931241,Voter-aggregated election,-0.3031503317772028,-0.4292676429291362,-0.24009167620123617,0.18917596672790005,0.33599999999999997,0.24000000000000007,0.38400000000000006,0.144,0.08039999999999999,0.8004853745050714,0.9196,0.21736,0.5548
7,858527504,Appeal-based selection baseline,-0.6874152098543108,-0.5789468418774277,-0.7416493938427524,-0.16270255196532468,0.7679999999999999,0.504,0.9,0.396,0.06359999999999999,0.8307970506501802,0.9364,0.0,0.0
7,858527504,Autocracy,-6.14089573192547,-0.6885284550601609,-8.867079370358123,-8.178550915297961,0.16,0.48,0.0,-0.48,0.0208,0.9287172850164935,0.9792,0.0,0.0
7,858527504,Direct public-indicator policy,0.0,0.0,0.0,0.0,0.0,0.0,0.0,0.0,0.0,1.0,1.0,0.0,0.0
7,858527504,PKD,-0.31826531109718453,-0.5164430654348724,-0.21917643392834057,0.2972666315065318,0.314,0.332,0.305,-0.027000000000000024,0.22799999999999998,0.591254855212639,0.7720000000000001,0.0,0.0
7,858527504,Population equal mean,-0.0838607447840686,-0.08699580021673053,-0.08229321706773764,0.004702583148992898,0.049999999999999996,0.04999999999999999,0.05,1.3877787807814457e-17,1.0,0.0,0.0,0.0,0.0
7,858527504,Population score weighted,-0.058377677486228165,-0.06848374900979667,-0.053324641724443914,0.01515910728535276,0.049999999999999996,0.04999999999999999,0.05,1.3877787807814457e-17,1.0,0.0,0.0,0.0,0.0
7,858527504,Sortition,-0.8033236985786948,-0.7524462331705295,-0.8287624312827774,-0.07631619811224788,0.05200000000000001,0.04000000000000001,0.057999999999999996,0.017999999999999988,0.19839999999999997,0.6232210372833873,0.8016000000000002,0.0,0.0
7,858527504,Sortition + deliberation,-0.8308407420516268,-0.8928769666633576,-0.7998226297457616,0.09305433691759601,0.057999999999999996,0.054000000000000006,0.06,0.0059999999999999915,0.19419999999999998,0.6296931664307879,0.8058000000000001,0.0,0.0
7,858527504,Voter-aggregated election,-0.5131977803903967,-0.5927666554544458,-0.4734133428583722,0.11935331259607362,0.28800000000000003,0.24799999999999997,0.308,0.060000000000000026,0.0868,0.7890369881922144,0.9131999999999999,0.17016,0.49879999999999997
8,1816437448,Appeal-based selection baseline,-0.737131027084538,-1.311758991217682,-0.44981704501796627,0.8619419461997156,0.656,0.3440000000000002,0.812,0.46799999999999986,0.0796,0.8029003980161242,0.9204,0.0,0.0
8,1816437448,Autocracy,-4.932361349466152,-1.5862378093551164,-6.605423119521672,-5.019185310166556,0.04,0.0,0.06,0.06,0.021599999999999998,0.9262635085012004,0.9784000000000002,0.0,0.0
8,1816437448,Direct public-indicator policy,0.0,0.0,0.0,0.0,0.0,0.0,0.0,0.0,0.0,1.0,1.0,0.0,0.0
8,1816437448,PKD,-0.13969275244024934,-0.0910568049759613,-0.1640107261723933,-0.07295392119643199,0.43399999999999994,0.452,0.425,-0.027000000000000024,0.23320000000000002,0.591868489689831,0.7668,0.0,0.0
8,1816437448,Population equal mean,-0.0819594607755293,-0.0773889571016973,-0.0842447126124453,-0.0068557555107480045,0.049999999999999996,0.04999999999999999,0.05,1.3877787807814457e-17,1.0,0.0,0.0,0.0,0.0
8,1816437448,Population score weighted,-0.03501072740726613,-0.026489839395274224,-0.03927117141326208,-0.012781332017987854,0.049999999999999996,0.04999999999999999,0.05,1.3877787807814457e-17,1.0,0.0,0.0,0.0,0.0
8,1816437448,Sortition,-0.8582372794336053,-0.8342442961888817,-0.8702337710559671,-0.03598947486708537,0.044000000000000004,0.048,0.042,-0.005999999999999998,0.19419999999999996,0.6312382529366662,0.8058000000000001,0.0,0.0
8,1816437448,Sortition + deliberation,-0.8915830977974474,-0.8864029528480155,-0.8941731702721634,-0.007770217424147852,0.046,0.036000000000000004,0.051,0.014999999999999993,0.1966,0.6265131850251862,0.8034000000000001,0.0,0.0
8,1816437448,Voter-aggregated election,-0.27412388699119167,-0.3789943301135117,-0.22168866543003163,0.15730566468348006,0.32,0.26400000000000007,0.34800000000000003,0.08399999999999996,0.0944,0.7753806131782383,0.9056000000000001,0.21824000000000002,0.5664
9,3048369334,Appeal-based selection baseline,-0.8041529738393135,-1.0135057566515997,-0.6994765824331707,0.314029174218429,0.696,0.32799999999999996,0.88,0.552,0.07440000000000001,0.814571677718015,0.9256000000000002,0.0,0.0
9,3048369334,Autocracy,-7.469275906652832,-9.086617472653796,-6.660605123652349,2.4260123490014465,0.0,0.0,0.0,0.0,0.0176,0.9373049360830783,0.9824,0.0,0.0
9,3048369334,Direct public-indicator policy,0.0,0.0,0.0,0.0,0.0,0.0,0.0,0.0,0.0,1.0,1.0,0.0,0.0
9,3048369334,PKD,-0.4213250970203173,-0.3204492600478168,-0.4717630155065676,-0.15131375545875075,0.29400000000000004,0.27799999999999997,0.302,0.02400000000000002,0.24400000000000002,0.577999522018719,0.756,0.0,0.0
9,3048369334,Population equal mean,-0.08315409617582112,-0.08236694664858996,-0.08354767093943671,-0.0011807242908467575,0.049999999999999996,0.04999999999999999,0.05,1.3877787807814457e-17,1.0,0.0,0.0,0.0,0.0
9,3048369334,Population score weighted,-0.06589005849387743,-0.047721599577318106,-0.07497428795215709,-0.027252688374838983,0.049999999999999996,0.04999999999999999,0.05,1.3877787807814457e-17,1.0,0.0,0.0,0.0,0.0
9,3048369334,Sortition,-0.8249661964202475,-0.7432624575357923,-0.8658180658624751,-0.12255560832668277,0.05,0.06399999999999999,0.043,-0.02099999999999999,0.20279999999999995,0.6194449131071078,0.7972000000000001,0.0,0.0
9,3048369334,Sortition + deliberation,-0.8464685602285796,-0.8040485830491666,-0.8676785488182861,-0.0636299657691195,0.056,0.034,0.067,0.033,0.20199999999999999,0.6204947301680546,0.7980000000000002,0.0,0.0
9,3048369334,Voter-aggregated election,-0.389864849753914,-0.3901751457285798,-0.38970970176658115,0.00046544396199865723,0.296,0.22399999999999998,0.332,0.10800000000000004,0.0868,0.7873038960811104,0.9132000000000001,0.16463999999999998,0.49399999999999994
10,1400142473,Appeal-based selection baseline,-0.7052524079134228,-0.8325863384635267,-0.641585442638371,0.19100089582515567,0.7599999999999999,0.4880000000000002,0.8960000000000001,0.4079999999999999,0.06520000000000001,0.8275000909618899,0.9348000000000002,0.0,0.0
10,1400142473,Autocracy,-7.35427584740225,-0.8564058849051952,-10.603210828650777,-9.746804943745582,0.0,0.0,0.0,0.0,0.0188,0.9339893233275791,0.9812000000000001,0.0,0.0
10,1400142473,Direct public-indicator policy,0.0,0.0,0.0,0.0,0.0,0.0,0.0,0.0,0.0,1.0,1.0,0.0,0.0
10,1400142473,PKD,-0.24083651707031029,-0.10257432914553263,-0.3099676110326992,-0.20739328188716658,0.41600000000000004,0.446,0.401,-0.044999999999999984,0.20619999999999997,0.6189313828577605,0.7938,0.0,0.0
10,1400142473,Population equal mean,-0.08266218589533912,-0.08298353596612702,-0.08250151085994516,0.0004820251061818659,0.049999999999999996,0.04999999999999999,0.05,1.3877787807814457e-17,1.0,0.0,0.0,0.0,0.0
10,1400142473,Population score weighted,-0.04460788214708721,-0.028812240948851597,-0.05250570274620502,-0.023693461797353425,0.049999999999999996,0.04999999999999999,0.05,1.3877787807814457e-17,1.0,0.0,0.0,0.0,0.0
10,1400142473,Sortition,-0.8385209870410198,-0.9004947173654163,-0.8075341218788217,0.09296059548659463,0.052000000000000005,0.042,0.056999999999999995,0.014999999999999993,0.17279999999999998,0.655542220608321,0.8272000000000002,0.0,0.0
10,1400142473,Sortition + deliberation,-0.8547639839276933,-0.9467410908673781,-0.8087754304578507,0.1379656604095274,0.062000000000000006,0.054000000000000006,0.066,0.011999999999999997,0.16860000000000003,0.6617207855130532,0.8313999999999999,0.0,0.0
10,1400142473,Voter-aggregated election,-0.37720440459544125,-0.35090492918063615,-0.39035414230284377,-0.039449213122207616,0.23999999999999996,0.20799999999999993,0.256,0.04800000000000007,0.08399999999999999,0.7923988754712974,0.9159999999999998,0.14839999999999998,0.46919999999999995
11,2199753328,Appeal-based selection baseline,-0.7071886498203955,-0.8916033889850395,-0.6149812802380735,0.276622108746966,0.7199999999999999,0.42400000000000004,0.8680000000000001,0.44400000000000006,0.07720000000000002,0.8059718285491385,0.9228000000000001,0.0,0.0
11,2199753328,Autocracy,-8.236851225691153,-8.023403252008599,-8.343575212532429,-0.32017196052382957,0.16,0.04,0.22,0.18,0.021599999999999998,0.925289939513844,0.9784000000000002,0.0,0.0
11,2199753328,Direct public-indicator policy,0.0,0.0,0.0,0.0,0.0,0.0,0.0,0.0,0.0,1.0,1.0,0.0,0.0
11,2199753328,PKD,-0.26589687528712086,-0.17751574281670257,-0.3100874415223301,-0.13257169870562752,0.38200000000000006,0.42800000000000005,0.359,-0.06900000000000006,0.23260000000000006,0.590027980078901,0.7674000000000002,0.0,0.0
11,2199753328,Population equal mean,-0.0815122519951526,-0.08245817689439694,-0.08103928954553044,0.0014188873488664988,0.049999999999999996,0.04999999999999999,0.05,1.3877787807814457e-17,1.0,0.0,0.0,0.0,0.0
11,2199753328,Population score weighted,-0.0464455356307795,-0.03431521794571151,-0.052510694473313496,-0.018195476527601985,0.049999999999999996,0.04999999999999999,0.05,1.3877787807814457e-17,1.0,0.0,0.0,0.0,0.0
11,2199753328,Sortition,-0.799465941682244,-0.7710731789905106,-0.8136623230281107,-0.04258914403760006,0.056,0.06,0.054000000000000006,-0.0059999999999999915,0.2098,0.6083902376042044,0.7902,0.0,0.0
11,2199753328,Sortition + deliberation,-0.882500083456143,-0.8268272957453919,-0.9103364773115183,-0.08350918156612641,0.046,0.06999999999999998,0.034,-0.035999999999999976,0.20759999999999995,0.6121575160755978,0.7924000000000001,0.0,0.0
11,2199753328,Voter-aggregated election,-0.4602120334831301,-0.4430959520484533,-0.46877007420046835,-0.025674122152015033,0.304,0.23999999999999996,0.33599999999999997,0.096,0.106,0.7532944032670291,0.894,0.17192,0.47080000000000005
12,1950944253,Appeal-based selection baseline,-0.9945622631039313,-0.9694178536392559,-1.007134467836269,-0.03771661419701311,0.712,0.38400000000000006,0.8760000000000001,0.49200000000000005,0.0604,0.8351552010219816,0.9396000000000003,0.0,0.0
12,1950944253,Autocracy,-5.134828644824138,-9.87119152066735,-2.7666472069025314,7.104544313764819,0.0,0.0,0.0,0.0,0.02,0.9295837650471361,0.9800000000000002,0.0,0.0
12,1950944253,Direct public-indicator policy,0.0,0.0,0.0,0.0,0.0,0.0,0.0,0.0,0.0,1.0,1.0,0.0,0.0
12,1950944253,PKD,-0.3966547201778218,-0.47039998460957777,-0.3597820879619438,0.110617896647634,0.314,0.332,0.305,-0.027000000000000024,0.21760000000000002,0.6045644038114988,0.7824000000000001,0.0,0.0
12,1950944253,Population equal mean,-0.0831311557810765,-0.08425709809482615,-0.08256818462420167,0.001688913470624484,0.049999999999999996,0.04999999999999999,0.05,1.3877787807814457e-17,1.0,0.0,0.0,0.0,0.0
12,1950944253,Population score weighted,-0.06310460258326818,-0.06525612237032247,-0.06202884268974104,0.003227279680581424,0.049999999999999996,0.04999999999999999,0.05,1.3877787807814457e-17,1.0,0.0,0.0,0.0,0.0
12,1950944253,Sortition,-0.774243642362791,-0.832329371268122,-0.7452007779101253,0.08712859335799672,0.048,0.036000000000000004,0.054000000000000006,0.018000000000000002,0.17439999999999997,0.6532330311832687,0.8256000000000001,0.0,0.0
12,1950944253,Sortition + deliberation,-0.7548549624918688,-0.7411241816237382,-0.7617203529259342,-0.020596171302196042,0.05,0.04,0.055,0.015,0.17779999999999999,0.6496250327450416,0.8222,0.0,0.0
12,1950944253,Voter-aggregated election,-0.369283047403488,-0.4102806207587073,-0.34878426072587826,0.061496360032829045,0.28,0.21600000000000008,0.31200000000000006,0.09599999999999997,0.0736,0.8109995005020607,0.9264000000000002,0.17624,0.48719999999999997
13,1439800847,Appeal-based selection baseline,-0.4771092881069684,-0.8218963155118714,-0.3047157744045169,0.5171805411073545,0.768,0.4800000000000001,0.9120000000000001,0.43200000000000005,0.0656,0.8261467425853971,0.9344,0.0,0.0
13,1439800847,Autocracy,-13.42519199276102,-10.780292549810264,-14.747641714236398,-3.9673491644261336,0.0,0.0,0.0,0.0,0.023999999999999997,0.9193254192415554,0.9760000000000001,0.0,0.0
13,1439800847,Direct public-indicator policy,0.0,0.0,0.0,0.0,0.0,0.0,0.0,0.0,0.0,1.0,1.0,0.0,0.0
13,1439800847,PKD,-0.2838427351220188,-0.42485633500583214,-0.21333593518011223,0.2115203998257199,0.4,0.344,0.428,0.08400000000000002,0.24899999999999997,0.5754422657353954,0.7509999999999999,0.0,0.0
13,1439800847,Population equal mean,-0.08359993184840285,-0.08423792462449411,-0.08328093546035722,0.00095698916413689,0.049999999999999996,0.04999999999999999,0.05,1.3877787807814457e-17,1.0,0.0,0.0,0.0,0.0
13,1439800847,Population score weighted,-0.046580476476061,-0.06277466954938754,-0.03848337993939772,0.024291289609989823,0.049999999999999996,0.04999999999999999,0.05,1.3877787807814457e-17,1.0,0.0,0.0,0.0,0.0
13,1439800847,Sortition,-0.86967123078388,-0.9318344949883786,-0.8385895986816309,0.0932448963067477,0.05800000000000001,0.054000000000000006,0.06,0.0059999999999999915,0.20099999999999998,0.6235808910034236,0.7989999999999999,0.0,0.0
13,1439800847,Sortition + deliberation,-0.8136432694932445,-0.8024453432016881,-0.8192422326390227,-0.016796889437334594,0.06599999999999999,0.06,0.069,0.009000000000000008,0.19219999999999998,0.6351450066539166,0.8078000000000001,0.0,0.0
13,1439800847,Voter-aggregated election,-0.3549094987909031,-0.4361117187877596,-0.3143083887924748,0.12180332999528481,0.32,0.23199999999999996,0.36400000000000005,0.1320000000000001,0.09439999999999998,0.7749264049819083,0.9056000000000001,0.19136,0.47040000000000004
14,1699023239,Appeal-based selection baseline,-0.8441958405908842,-0.40615423157442193,-1.0632166450991152,-0.6570624135246932,0.744,0.5280000000000001,0.852,0.32399999999999984,0.0708,0.8160505253877505,0.9292000000000001,0.0,0.0
14,1699023239,Autocracy,-8.995576905502476,-17.18738211251389,-4.8996743019967655,12.287707810517126,0.0,0.0,0.0,0.0,0.0236,0.9193300630319919,0.9764000000000003,0.0,0.0
14,1699023239,Direct public-indicator policy,0.0,0.0,0.0,0.0,0.0,0.0,0.0,0.0,0.0,1.0,1.0,0.0,0.0
14,1699023239,PKD,-0.5266316265461883,-0.3057624448802037,-0.6370662173791805,-0.33130377249897675,0.34,0.4,0.31,-0.09000000000000002,0.21339999999999998,0.6068650807497742,0.7866000000000001,0.0,0.0
14,1699023239,Population equal mean,-0.08394635654886083,-0.07921606193236069,-0.0863115038571109,-0.007095441924750201,0.049999999999999996,0.04999999999999999,0.05,1.3877787807814457e-17,1.0,0.0,0.0,0.0,0.0
14,1699023239,Population score weighted,-0.07055992203211213,-0.04541897951514762,-0.08313039329059439,-0.037711413775446775,0.049999999999999996,0.04999999999999999,0.05,1.3877787807814457e-17,1.0,0.0,0.0,0.0,0.0
14,1699023239,Sortition,-0.823458973197916,-0.9108530001527285,-0.7797619597205099,0.13109104043221864,0.04200000000000001,0.036000000000000004,0.045,0.008999999999999994,0.17939999999999998,0.6467933780612083,0.8206000000000002,0.0,0.0
14,1699023239,Sortition + deliberation,-0.7961469472076308,-0.7911004425606641,-0.7986701995311143,-0.007569756970450148,0.08399999999999999,0.07800000000000001,0.08700000000000001,0.008999999999999994,0.182,0.6426833562808383,0.8180000000000001,0.0,0.0
14,1699023239,Voter-aggregated election,-0.40432073102999105,-0.46455059747890215,-0.37420579780553553,0.09034479967336662,0.368,0.24000000000000007,0.43200000000000005,0.19199999999999998,0.0888,0.7830232062245535,0.9112000000000002,0.23584,0.6023999999999999
15,744304938,Appeal-based selection baseline,-0.6272619489532648,-0.5566623643293758,-0.6625617412652093,-0.10589937693583351,0.704,0.3920000000000002,0.86,0.4679999999999998,0.07599999999999998,0.8119220938745244,0.9240000000000002,0.0,0.0
15,744304938,Autocracy,-8.665772567092471,-1.4513514868077813,-12.272983107234815,-10.821631620427034,0.0,0.0,0.0,0.0,0.03559999999999999,0.890401940374647,0.9643999999999999,0.0,0.0
15,744304938,Direct public-indicator policy,0.0,0.0,0.0,0.0,0.0,0.0,0.0,0.0,0.0,1.0,1.0,0.0,0.0
15,744304938,PKD,-0.29236609480517206,-0.15119761644403165,-0.3629503339857423,-0.21175271754171063,0.39599999999999996,0.4159999999999999,0.386,-0.029999999999999916,0.25579999999999997,0.5679723095397683,0.7442,0.0,0.0
15,744304938,Population equal mean,-0.08272911090935194,-0.0886725192764029,-0.07975740672582646,0.008915112550576448,0.049999999999999996,0.04999999999999999,0.05,1.3877787807814457e-17,1.0,0.0,0.0,0.0,0.0
15,744304938,Population score weighted,-0.05383811410790752,-0.030461832647434205,-0.06552625483814419,-0.03506442219070998,0.049999999999999996,0.04999999999999999,0.05,1.3877787807814457e-17,1.0,0.0,0.0,0.0,0.0
15,744304938,Sortition,-0.8216192107306407,-0.8932525052537192,-0.7858025634691014,0.10744994178461786,0.04,0.048,0.036000000000000004,-0.011999999999999997,0.212,0.6113167208679795,0.7880000000000001,0.0,0.0
15,744304938,Sortition + deliberation,-0.8657604952403036,-0.9197782784083387,-0.838751603656286,0.08102667475205272,0.042,0.034,0.046,0.011999999999999997,0.20840000000000003,0.6148761688431738,0.7916,0.0,0.0
15,744304938,Voter-aggregated election,-0.41938466824890347,-0.4030571981748791,-0.4275484032859157,-0.024491205111036585,0.34400000000000003,0.26400000000000007,0.384,0.11999999999999994,0.0932,0.7799610923485905,0.9068,0.19575999999999996,0.5524
16,3332357462,Appeal-based selection baseline,-0.8716012672656742,-1.3043718760774234,-0.6552159628597997,0.6491559132176238,0.648,0.3920000000000001,0.7759999999999999,0.3839999999999998,0.0688,0.8216964017350182,0.9312,0.0,0.0
16,3332357462,Autocracy,-12.843078689835886,-8.612156375079744,-14.958539847213958,-6.346383472134214,0.16,0.0,0.24,0.24,0.018,0.9362843847355347,0.9820000000000001,0.0,0.0
16,3332357462,Direct public-indicator policy,0.0,0.0,0.0,0.0,0.0,0.0,0.0,0.0,0.0,1.0,1.0,0.0,0.0
16,3332357462,PKD,-0.2550325157986172,-0.18182878192945962,-0.29163438273319603,-0.10980560080373641,0.4,0.36599999999999994,0.41700000000000004,0.0510000000000001,0.23980000000000004,0.5829641715239937,0.7602000000000002,0.0,0.0
16,3332357462,Population equal mean,-0.08189108921223687,-0.08459767839365574,-0.08053779462152741,0.004059883772128334,0.049999999999999996,0.04999999999999999,0.05,1.3877787807814457e-17,1.0,0.0,0.0,0.0,0.0
16,3332357462,Population score weighted,-0.04650331840565349,-0.04111385644126235,-0.049198049387849066,-0.008084192946586716,0.049999999999999996,0.04999999999999999,0.05,1.3877787807814457e-17,1.0,0.0,0.0,0.0,0.0
16,3332357462,Sortition,-0.7878372583943176,-0.7246439892696985,-0.8194338929566272,-0.09478990368692863,0.04,0.048,0.036000000000000004,-0.011999999999999997,0.187,0.6416477350523192,0.8130000000000001,0.0,0.0
16,3332357462,Sortition + deliberation,-0.8934938413397497,-0.8094777209655082,-0.9355019015268708,-0.12602418056136266,0.06799999999999999,0.06,0.07200000000000001,0.01200000000000001,0.1952,0.6313169094571842,0.8048000000000002,0.0,0.0
16,3332357462,Voter-aggregated election,-0.38677147972698434,-0.5056055998927572,-0.327354419644098,0.1782511802486592,0.304,0.24799999999999997,0.332,0.08400000000000005,0.0964,0.773034911335742,0.9036000000000002,0.16567999999999997,0.4976
17,2607616949,Appeal-based selection baseline,-0.520403224604051,-0.8230283949379215,-0.36909063943711573,0.45393775550080573,0.7999999999999999,0.552,0.924,0.372,0.062000000000000006,0.8337283347217864,0.9380000000000002,0.0,0.0
17,2607616949,Autocracy,-8.492717912277023,-1.4229400733628106,-12.027606831734126,-10.604666758371316,0.0,0.0,0.0,0.0,0.0164,0.9415517792561836,0.9835999999999999,0.0,0.0
17,2607616949,Direct public-indicator policy,0.0,0.0,0.0,0.0,0.0,0.0,0.0,0.0,0.0,1.0,1.0,0.0,0.0
17,2607616949,PKD,-0.27941445440516877,-0.2766903509336599,-0.2807765061409232,-0.004086155207263298,0.344,0.254,0.389,0.135,0.2376,0.5841905859131838,0.7624000000000002,0.0,0.0
17,2607616949,Population equal mean,-0.08306546069964686,-0.08169381799547945,-0.08375128205173057,-0.0020574640562511237,0.049999999999999996,0.04999999999999999,0.05,1.3877787807814457e-17,1.0,0.0,0.0,0.0,0.0
17,2607616949,Population score weighted,-0.04992354912060209,-0.04672584795301361,-0.05152239970439632,-0.004796551751382709,0.049999999999999996,0.04999999999999999,0.05,1.3877787807814457e-17,1.0,0.0,0.0,0.0,0.0
17,2607616949,Sortition,-0.8066515040743024,-0.7976906154652904,-0.8111319483788084,-0.013441332913518012,0.036000000000000004,0.05799999999999998,0.025000000000000005,-0.032999999999999974,0.18659999999999996,0.6404066755329997,0.8134000000000001,0.0,0.0
17,2607616949,Sortition + deliberation,-0.9323902448558802,-0.8710715851979927,-0.9630495746848239,-0.09197798948683122,0.052,0.05799999999999998,0.049,-0.00899999999999998,0.1946,0.6311483499910281,0.8054000000000001,0.0,0.0
17,2607616949,Voter-aggregated election,-0.4088832975211041,-0.4292699314060021,-0.3986899805786551,0.03057995082734699,0.38400000000000006,0.27999999999999997,0.43599999999999994,0.15599999999999997,0.0964,0.7734297739307063,0.9036000000000002,0.22144,0.5224
18,2785588446,Appeal-based selection baseline,-0.782228366722062,-0.8371451364982425,-0.7547699818339718,0.0823751546642707,0.704,0.336,0.888,0.552,0.0616,0.8335231910375209,0.9384000000000001,0.0,0.0
18,2785588446,Autocracy,-7.876292491710789,-10.236646755038388,-6.69611536004699,3.5405313949913975,0.0,0.0,0.0,0.0,0.0172,0.9382831488608715,0.9828000000000001,0.0,0.0
18,2785588446,Direct public-indicator policy,0.0,0.0,0.0,0.0,0.0,0.0,0.0,0.0,0.0,1.0,1.0,0.0,0.0
18,2785588446,PKD,-0.4925027406568469,-0.4577953088728827,-0.5098564565488289,-0.05206114767594622,0.368,0.35,0.377,0.027000000000000024,0.20839999999999997,0.6138367590222095,0.7915999999999999,0.0,0.0
18,2785588446,Population equal mean,-0.07824921072833883,-0.07414673466924675,-0.08030044875788489,-0.006153714088638143,0.049999999999999996,0.04999999999999999,0.05,1.3877787807814457e-17,1.0,0.0,0.0,0.0,0.0
18,2785588446,Population score weighted,-0.07363522379536197,-0.06775291115422713,-0.0765763801159294,-0.008823468961702274,0.049999999999999996,0.04999999999999999,0.05,1.3877787807814457e-17,1.0,0.0,0.0,0.0,0.0
18,2785588446,Sortition,-0.7939282538925964,-0.8563352665270421,-0.7627247475753733,0.09361051895166872,0.057999999999999996,0.06399999999999999,0.055,-0.008999999999999987,0.17139999999999997,0.6582752032844242,0.8286,0.0,0.0
18,2785588446,Sortition + deliberation,-0.814061300555248,-0.7542186172218954,-0.8439826422219241,-0.08976402500002867,0.046,0.042,0.048,0.005999999999999998,0.17659999999999998,0.6509020836474301,0.8233999999999999,0.0,0.0
18,2785588446,Voter-aggregated election,-0.42856682188119405,-0.45540934075133427,-0.41514556244612405,0.04026377830521022,0.30399999999999994,0.272,0.32,0.04799999999999999,0.0756,0.8073607188198795,0.9244000000000002,0.20536000000000001,0.5092
19,2326026774,Appeal-based selection baseline,-0.47638398450597824,-0.9395573450576086,-0.24479730423016302,0.6947600408274456,0.6960000000000001,0.3200000000000001,0.884,0.5639999999999998,0.06159999999999999,0.8337989061793366,0.9383999999999999,0.0,0.0
19,2326026774,Autocracy,-5.810169005982946,-8.943469848033432,-4.2435185849577035,4.699951263075729,0.0,0.0,0.0,0.0,0.025199999999999997,0.9160098064860561,0.9748000000000002,0.0,0.0
19,2326026774,Direct public-indicator policy,0.0,0.0,0.0,0.0,0.0,0.0,0.0,0.0,0.0,1.0,1.0,0.0,0.0
19,2326026774,PKD,-0.33324873552005063,-0.46587316962819864,-0.2669365184659768,0.1989366511622218,0.37,0.21,0.45,0.24000000000000002,0.23840000000000003,0.5845533187668087,0.7616000000000002,0.0,0.0
19,2326026774,Population equal mean,-0.08572264529327003,-0.0823723232416858,-0.08739780631906216,-0.0050254830773763665,0.049999999999999996,0.04999999999999999,0.05,1.3877787807814457e-17,1.0,0.0,0.0,0.0,0.0
19,2326026774,Population score weighted,-0.049995417507260706,-0.06326345355153577,-0.04336139948512319,0.019902054066412586,0.049999999999999996,0.04999999999999999,0.05,1.3877787807814457e-17,1.0,0.0,0.0,0.0,0.0
19,2326026774,Sortition,-0.7799094832593946,-0.6630058690873897,-0.8383612903453971,-0.1753554212580074,0.04,0.054000000000000006,0.033,-0.021000000000000005,0.194,0.6322714317493361,0.806,0.0,0.0
19,2326026774,Sortition + deliberation,-0.9040008730362028,-0.8913704453800677,-0.9103160868642703,-0.018945641484202635,0.054000000000000006,0.072,0.045,-0.026999999999999996,0.1888,0.6389474813829533,0.8112000000000003,0.0,0.0
19,2326026774,Voter-aggregated election,-0.3223671140079628,-0.459595725881189,-0.25375280807134976,0.20584291780983927,0.33599999999999997,0.20799999999999996,0.4,0.19200000000000006,0.0836,0.7955757938496385,0.9163999999999999,0.19296,0.5072000000000001
20,1190556536,Appeal-based selection baseline,-0.7471444158291175,-0.7277358556560565,-0.7568486959156481,-0.0291128402595916,0.7199999999999999,0.44799999999999995,0.8560000000000001,0.40800000000000014,0.0716,0.8166668049838728,0.9284000000000001,0.0,0.0
20,1190556536,Autocracy,-8.004294820833701,-11.152068903986866,-6.430407779257117,4.721661124729748,0.0,0.0,0.0,0.0,0.0228,0.922217719005184,0.9771999999999998,0.0,0.0
20,1190556536,Direct public-indicator policy,0.0,0.0,0.0,0.0,0.0,0.0,0.0,0.0,0.0,1.0,1.0,0.0,0.0
20,1190556536,PKD,-0.2999095309994365,-0.06792987366702478,-0.41589935966564245,-0.34796948599861766,0.372,0.446,0.335,-0.11099999999999999,0.2298,0.5937573107663118,0.7702000000000002,0.0,0.0
20,1190556536,Population equal mean,-0.08213732987455029,-0.07533193688001968,-0.08554002637181558,-0.0102080894917959,0.049999999999999996,0.04999999999999999,0.05,1.3877787807814457e-17,1.0,0.0,0.0,0.0,0.0
20,1190556536,Population score weighted,-0.0531272439971064,-0.020970799349816657,-0.06920546632075127,-0.048234666970934606,0.049999999999999996,0.04999999999999999,0.05,1.3877787807814457e-17,1.0,0.0,0.0,0.0,0.0
20,1190556536,Sortition,-0.8898104407322993,-1.0459045193247851,-0.8117634014360564,0.2341411178887287,0.05,0.051999999999999984,0.049,-0.002999999999999982,0.207,0.6140012928275485,0.793,0.0,0.0
20,1190556536,Sortition + deliberation,-0.8114233549038914,-0.9285780038592645,-0.7528460304262049,0.17573197343305957,0.054000000000000006,0.048,0.056999999999999995,0.008999999999999994,0.2034,0.6189407343998677,0.7966000000000001,0.0,0.0
20,1190556536,Voter-aggregated election,-0.3488592538912477,-0.2633731861629311,-0.391602287755406,-0.12822910159247491,0.328,0.29599999999999993,0.344,0.04800000000000004,0.09519999999999999,0.7742105214982232,0.9047999999999999,0.19664,0.4992
21,1832435812,Appeal-based selection baseline,-0.5494262903424983,-0.6734256643853178,-0.4874266033210886,0.1859990610642292,0.7279999999999999,0.42399999999999993,0.88,0.45600000000000007,0.06080000000000001,0.8347950077883718,0.9391999999999999,0.0,0.0
21,1832435812,Autocracy,-7.084839695177366,-10.098940748135272,-5.577789168698413,4.521151579436859,0.0,0.0,0.0,0.0,0.013199999999999998,0.9497584559006482,0.9868000000000001,0.0,0.0
21,1832435812,Direct public-indicator policy,0.0,0.0,0.0,0.0,0.0,0.0,0.0,0.0,0.0,1.0,1.0,0.0,0.0
21,1832435812,PKD,-0.23018531377160437,-0.06360467988776526,-0.31347563071352397,-0.24987095082575872,0.376,0.344,0.392,0.04800000000000004,0.20639999999999997,0.6159349328989414,0.7936000000000001,0.0,0.0
21,1832435812,Population equal mean,-0.08157298813054621,-0.08090808563573158,-0.08190543937795353,-0.000997353742221943,0.049999999999999996,0.04999999999999999,0.05,1.3877787807814457e-17,1.0,0.0,0.0,0.0,0.0
21,1832435812,Population score weighted,-0.04169031599259268,-0.029341496104086418,-0.04786472593684582,-0.018523229832759402,0.049999999999999996,0.04999999999999999,0.05,1.3877787807814457e-17,1.0,0.0,0.0,0.0,0.0
21,1832435812,Sortition,-0.8088600492427107,-0.8248767435676884,-0.8008517020802219,0.024025041487466425,0.056,0.06200000000000001,0.053,-0.009000000000000015,0.1588,0.6741264454950893,0.8412000000000001,0.0,0.0
21,1832435812,Sortition + deliberation,-0.8245478405650136,-0.961715687484037,-0.7559639171055019,0.2057517703785351,0.047999999999999994,0.06,0.042,-0.017999999999999995,0.15979999999999997,0.6730028844530952,0.8402000000000001,0.0,0.0
21,1832435812,Voter-aggregated election,-0.3014586782641659,-0.42479445945648614,-0.23979078766800582,0.18500367178848032,0.368,0.264,0.4200000000000001,0.15600000000000008,0.07759999999999999,0.8035375561805435,0.9224000000000001,0.21112,0.5323999999999999
22,3758733651,Appeal-based selection baseline,-0.8025389913592267,-0.7486073524676499,-0.829504810805015,-0.08089745833736517,0.736,0.456,0.8760000000000002,0.4200000000000002,0.0724,0.8182216050415386,0.9276000000000001,0.0,0.0
22,3758733651,Autocracy,-3.378770844837265,-7.335524799171854,-1.40039386766997,5.9351309315018845,0.0,0.0,0.0,0.0,0.0248,0.918718330834962,0.9752000000000002,0.0,0.0
22,3758733651,Direct public-indicator policy,0.0,0.0,0.0,0.0,0.0,0.0,0.0,0.0,0.0,1.0,1.0,0.0,0.0
22,3758733651,PKD,-0.4071399369059432,-0.2404731184594284,-0.4904733461292007,-0.25000022766977226,0.37,0.33,0.39,0.06,0.261,0.5628519029133997,0.7390000000000001,0.0,0.0
22,3758733651,Population equal mean,-0.07984472938305728,-0.07547786443411769,-0.0820281618575271,-0.006550297423409401,0.049999999999999996,0.04999999999999999,0.05,1.3877787807814457e-17,1.0,0.0,0.0,0.0,0.0
22,3758733651,Population score weighted,-0.07064886793426957,-0.0481009000125923,-0.0819228518951082,-0.033821951882515904,0.049999999999999996,0.04999999999999999,0.05,1.3877787807814457e-17,1.0,0.0,0.0,0.0,0.0
22,3758733651,Sortition,-0.8329662871824385,-0.7809722863880857,-0.8589632875796148,-0.07799100119152913,0.052000000000000005,0.03,0.063,0.033,0.20279999999999995,0.6249025754770606,0.7972,0.0,0.0
22,3758733651,Sortition + deliberation,-0.830819768838303,-0.7398770199840756,-0.8762911432654167,-0.13641412328134106,0.04,0.048,0.036000000000000004,-0.011999999999999997,0.18739999999999998,0.6423079285500946,0.8126000000000002,0.0,0.0
22,3758733651,Voter-aggregated election,-0.44304334553508073,-0.5698321641084881,-0.379648936248377,0.19018322786011116,0.352,0.288,0.3840000000000001,0.09600000000000014,0.0936,0.7808011168283935,0.9064000000000001,0.22519999999999996,0.6056
23,3826670891,Appeal-based selection baseline,-1.0476841371956611,-1.011908150298106,-1.0655721306444386,-0.053663980346332574,0.688,0.38400000000000006,0.8400000000000002,0.4560000000000001,0.0632,0.8310650534052125,0.9368000000000001,0.0,0.0
23,3826670891,Autocracy,-13.091438182121431,-12.396326743037026,-13.438993901663629,-1.0426671586266032,0.0,0.0,0.0,0.0,0.021599999999999998,0.925289939513844,0.9784000000000003,0.0,0.0
23,3826670891,Direct public-indicator policy,0.0,0.0,0.0,0.0,0.0,0.0,0.0,0.0,0.0,1.0,1.0,0.0,0.0
23,3826670891,PKD,-0.3829575361200302,-0.391657579620662,-0.3786075143697143,0.013050065250947707,0.27599999999999997,0.19799999999999998,0.315,0.11700000000000002,0.237,0.5822804193506576,0.7630000000000001,0.0,0.0
23,3826670891,Population equal mean,-0.08483506434674255,-0.08131774723892864,-0.08659372290064951,-0.005275975661720875,0.049999999999999996,0.04999999999999999,0.05,1.3877787807814457e-17,1.0,0.0,0.0,0.0,0.0
23,3826670891,Population score weighted,-0.060428371770242156,-0.05771989873380876,-0.06178260828845884,-0.0040627095546500805,0.049999999999999996,0.04999999999999999,0.05,1.3877787807814457e-17,1.0,0.0,0.0,0.0,0.0
23,3826670891,Sortition,-0.8601844932686695,-0.8938051574956631,-0.8433741611551724,0.05043099634049075,0.044000000000000004,0.036000000000000004,0.048,0.011999999999999997,0.1928,0.6313429012076588,0.8072,0.0,0.0
23,3826670891,Sortition + deliberation,-0.7806063808332978,-0.6265834962714975,-0.8576178231141978,-0.2310343268427003,0.054000000000000006,0.048,0.056999999999999995,0.008999999999999994,0.1894,0.6358688172598991,0.8106,0.0,0.0
23,3826670891,Voter-aggregated election,-0.4452956220277757,-0.4874230652268654,-0.4242319004282308,0.06319116479863462,0.33599999999999997,0.288,0.36,0.07200000000000001,0.08759999999999998,0.7868283205915365,0.9124000000000001,0.2088,0.5316000000000001
24,332882573,Appeal-based selection baseline,-0.7186978322095381,-0.8306558433029869,-0.6627188266628137,0.16793701664017324,0.688,0.29600000000000004,0.8840000000000002,0.5880000000000002,0.0628,0.8312873890679144,0.9372,0.0,0.0
24,332882573,Autocracy,-9.970917566110396,-10.767498369352262,-9.572627164489463,1.1948712048627996,0.0,0.0,0.0,0.0,0.0188,0.9343702977496992,0.9812000000000001,0.0,0.0
24,332882573,Direct public-indicator policy,0.0,0.0,0.0,0.0,0.0,0.0,0.0,0.0,0.0,1.0,1.0,0.0,0.0
24,332882573,PKD,-0.4175825246434565,-0.585211379926792,-0.33376809700178883,0.2514432829250031,0.304,0.22200000000000003,0.345,0.12299999999999994,0.2322,0.5879956394926658,0.7678000000000001,0.0,0.0
24,332882573,Population equal mean,-0.08518670181419596,-0.08940630150839565,-0.08307690196709613,0.0063293995412995185,0.049999999999999996,0.04999999999999999,0.05,1.3877787807814457e-17,1.0,0.0,0.0,0.0,0.0
24,332882573,Population score weighted,-0.06829946588588319,-0.09165559299389597,-0.0566214023318768,0.035034190662019175,0.049999999999999996,0.04999999999999999,0.05,1.3877787807814457e-17,1.0,0.0,0.0,0.0,0.0
24,332882573,Sortition,-0.8107966747439531,-0.7676666172448621,-0.8323617034934986,-0.06469508624863651,0.05,0.06,0.045,-0.015,0.18439999999999998,0.6423405362563028,0.8156,0.0,0.0
24,332882573,Sortition + deliberation,-0.8775210748474587,-0.7250345499862866,-0.9537643372780448,-0.2287297872917582,0.04,0.038000000000000006,0.040999999999999995,0.002999999999999989,0.19640000000000002,0.6257161108715402,0.8036000000000001,0.0,0.0
24,332882573,Voter-aggregated election,-0.4744114614388691,-0.4610382734719567,-0.4810980554223252,-0.020059781950368505,0.312,0.21599999999999997,0.36,0.14400000000000002,0.0956,0.7729671248606608,0.9044000000000002,0.18656000000000003,0.48560000000000003
25,126882987,Appeal-based selection baseline,-0.7652465985839979,-1.036886276763771,-0.6294267594941114,0.40745951726965957,0.8,0.576,0.9119999999999999,0.33599999999999997,0.06799999999999999,0.8213231911259082,0.932,0.0,0.0
25,126882987,Autocracy,-10.573580121331696,-11.106560164547089,-10.307090099724,0.7994700648230886,0.0,0.0,0.0,0.0,0.0196,0.9313979646370052,0.9804,0.0,0.0
25,126882987,Direct public-indicator policy,0.0,0.0,0.0,0.0,0.0,0.0,0.0,0.0,0.0,1.0,1.0,0.0,0.0
25,126882987,PKD,-0.2551526094175574,-0.45712387801059345,-0.15416697512103944,0.302956902889554,0.334,0.2800000000000001,0.36099999999999993,0.08099999999999985,0.22799999999999998,0.5913196466788664,0.7720000000000001,0.0,0.0
25,126882987,Population equal mean,-0.08115307824711047,-0.08134071094257411,-0.08105926189937868,0.0002814490431954364,0.049999999999999996,0.04999999999999999,0.05,1.3877787807814457e-17,1.0,0.0,0.0,0.0,0.0
25,126882987,Population score weighted,-0.055175951651158336,-0.07593490717844237,-0.044796473887516314,0.031138433290926054,0.049999999999999996,0.04999999999999999,0.05,1.3877787807814457e-17,1.0,0.0,0.0,0.0,0.0
25,126882987,Sortition,-0.7133526604849872,-0.7420482525600837,-0.699004864447439,0.04304338811264463,0.046,0.06,0.03900000000000001,-0.02099999999999999,0.19499999999999998,0.62901937694976,0.8050000000000002,0.0,0.0
25,126882987,Sortition + deliberation,-0.8405296282164273,-0.8882768286678469,-0.8166560279907173,0.0716208006771295,0.054,0.045999999999999985,0.057999999999999996,0.01200000000000001,0.19679999999999997,0.6256813307186746,0.8031999999999999,0.0,0.0
25,126882987,Voter-aggregated election,-0.39068181887235537,-0.4429453176243721,-0.364550069496347,0.07839524812802512,0.28800000000000003,0.29600000000000004,0.28400000000000003,-0.01200000000000001,0.1036,0.7581299272589767,0.8964000000000002,0.18144000000000002,0.5048
26,1811283073,Appeal-based selection baseline,-0.5866308483891739,-0.7831244711524138,-0.488384037007554,0.2947404341448598,0.6719999999999999,0.3680000000000001,0.8240000000000001,0.45599999999999996,0.0704,0.8197512393190707,0.9296,0.0,0.0
26,1811283073,Autocracy,-7.943946398172887,-2.137903041969968,-10.846968076274347,-8.709065034304379,0.0,0.0,0.0,0.0,0.026799999999999997,0.9120969553748836,0.9732000000000002,0.0,0.0
26,1811283073,Direct public-indicator policy,0.0,0.0,0.0,0.0,0.0,0.0,0.0,0.0,0.0,1.0,1.0,0.0,0.0
26,1811283073,PKD,-0.2237346325791363,-0.31593340232365835,-0.17763524770687528,0.13829815461678308,0.42,0.41,0.425,0.015000000000000013,0.235,0.5885579906141675,0.7649999999999999,0.0,0.0
26,1811283073,Population equal mean,-0.08366877078421603,-0.08103631180966535,-0.08498500027149136,-0.003948688461826014,0.049999999999999996,0.04999999999999999,0.05,1.3877787807814457e-17,1.0,0.0,0.0,0.0,0.0
26,1811283073,Population score weighted,-0.04362508950967006,-0.05534497284867162,-0.037765147840169294,0.017579825008502324,0.049999999999999996,0.04999999999999999,0.05,1.3877787807814457e-17,1.0,0.0,0.0,0.0,0.0
26,1811283073,Sortition,-0.8273042024659398,-0.8068450825803545,-0.8375337624087323,-0.030688679828377863,0.05599999999999999,0.05799999999999999,0.055,-0.002999999999999989,0.1926,0.6338951946480801,0.8074000000000001,0.0,0.0
26,1811283073,Sortition + deliberation,-0.8737727309263291,-0.8479150716944652,-0.8867015605422611,-0.0387864888477959,0.057999999999999996,0.07599999999999998,0.049,-0.026999999999999982,0.19139999999999996,0.6353347011852395,0.8086000000000001,0.0,0.0
26,1811283073,Voter-aggregated election,-0.40880898570345525,-0.45537597704292265,-0.38552549003372155,0.0698504870092011,0.256,0.19199999999999995,0.28800000000000003,0.09600000000000009,0.0956,0.7765268732712384,0.9044,0.17311999999999997,0.5583999999999999
27,219745394,Appeal-based selection baseline,-0.5878994890237997,-0.5955050107687996,-0.5840967281512996,0.011408282617499932,0.7279999999999999,0.48,0.8520000000000002,0.3720000000000002,0.0728,0.8135410438315271,0.9272000000000002,0.0,0.0
27,219745394,Autocracy,-4.450471738579466,-8.307548588804307,-2.5219333134670463,5.7856152753372605,0.16,0.04,0.22,0.18,0.013199999999999998,0.9497584559006482,0.9868000000000001,0.0,0.0
27,219745394,Direct public-indicator policy,0.0,0.0,0.0,0.0,0.0,0.0,0.0,0.0,0.0,1.0,1.0,0.0,0.0
27,219745394,PKD,-0.10822075102200751,-0.03279014712850166,-0.14593605296876044,-0.11314590584025878,0.424,0.44599999999999995,0.413,-0.032999999999999974,0.26620000000000005,0.5593262991323523,0.7338000000000001,0.0,0.0
27,219745394,Population equal mean,-0.08357467150103984,-0.08483835380609961,-0.08294283034850995,0.0018955234575896568,0.049999999999999996,0.04999999999999999,0.05,1.3877787807814457e-17,1.0000000000000002,0.0,0.0,0.0,0.0
27,219745394,Population score weighted,-0.03127157391021187,-0.016799632051936124,-0.03850754483934975,-0.021707912787413623,0.049999999999999996,0.04999999999999999,0.05,1.3877787807814457e-17,1.0000000000000002,0.0,0.0,0.0,0.0
27,219745394,Sortition,-0.7800008020358493,-0.7257435610240914,-0.8071294225417281,-0.08138586151763672,0.038,0.024000000000000004,0.045,0.020999999999999994,0.20119999999999996,0.6260397261958788,0.7988000000000002,0.0,0.0
27,219745394,Sortition + deliberation,-0.8916196324671948,-0.8887405921355228,-0.8930591526330306,-0.004318560497507784,0.054,0.06200000000000001,0.05,-0.01200000000000001,0.21419999999999997,0.6096761659663463,0.7858,0.0,0.0
27,219745394,Voter-aggregated election,-0.39107486517698853,-0.47719299891414424,-0.34801579830841073,0.1291772006057335,0.352,0.34400000000000014,0.3560000000000001,0.011999999999999955,0.09959999999999998,0.7668881484747807,0.9004,0.20784000000000002,0.5876
28,3462496116,Appeal-based selection baseline,-0.874548318948589,-0.8396120321031222,-0.8920164623713223,-0.052404430268200075,0.7519999999999999,0.47200000000000003,0.892,0.42,0.0668,0.8252702887912339,0.9332000000000001,0.0,0.0
28,3462496116,Autocracy,-10.53375530119223,-11.836511299827174,-9.882377301874753,1.9541339979524217,0.04,0.0,0.06,0.06,0.024399999999999998,0.9177122733287748,0.9756,0.0,0.0
28,3462496116,Direct public-indicator policy,0.0,0.0,0.0,0.0,0.0,0.0,0.0,0.0,0.0,1.0,1.0,0.0,0.0
28,3462496116,PKD,-0.2870800186658606,-0.30701560789101995,-0.27711222405328084,0.029903383837739106,0.272,0.33800000000000013,0.239,-0.09900000000000014,0.2376,0.5833018984056734,0.7624000000000003,0.0,0.0
28,3462496116,Population equal mean,-0.0838323202581293,-0.07951253135170923,-0.08599221471133933,-0.0064796833596301034,0.049999999999999996,0.04999999999999999,0.05,1.3877787807814457e-17,1.0,0.0,0.0,0.0,0.0
28,3462496116,Population score weighted,-0.056735227801076156,-0.050493549527861024,-0.059856066937683715,-0.00936251740982269,0.049999999999999996,0.04999999999999999,0.05,1.3877787807814457e-17,1.0,0.0,0.0,0.0,0.0
28,3462496116,Sortition,-0.8021076893868911,-0.7251798713462211,-0.8405715984072262,-0.11539172706100509,0.062000000000000006,0.07200000000000001,0.05700000000000001,-0.015,0.18999999999999997,0.6353244659692253,0.81,0.0,0.0
28,3462496116,Sortition + deliberation,-0.9167410238782054,-0.9230224534629324,-0.9136003090858421,0.009422144377090325,0.052,0.07599999999999998,0.04,-0.03599999999999998,0.1894,0.6365761359083772,0.8106000000000001,0.0,0.0
28,3462496116,Voter-aggregated election,-0.4072042615473037,-0.5342292930805737,-0.34369174578066874,0.1905375472999049,0.30400000000000005,0.20799999999999996,0.35200000000000004,0.14400000000000007,0.104,0.7610534284160881,0.8960000000000002,0.16999999999999998,0.5216000000000001
29,75725724,Appeal-based selection baseline,-0.9387869592277821,-1.0010204436915924,-0.907670216995877,0.09335022669571535,0.7919999999999999,0.5760000000000001,0.9,0.32399999999999995,0.06080000000000001,0.8367474383693184,0.9391999999999999,0.0,0.0
29,75725724,Autocracy,-6.407694467175628,-8.056398432987772,-5.583342484269556,2.4730559487182155,0.04,0.0,0.06,0.06,0.0228,0.9231912879925407,0.9771999999999998,0.0,0.0
29,75725724,Direct public-indicator policy,0.0,0.0,0.0,0.0,0.0,0.0,0.0,0.0,0.0,1.0,1.0,0.0,0.0
29,75725724,PKD,-0.33722838236122243,-0.2382280533577055,-0.3867285468629808,-0.1485004935052753,0.286,0.266,0.296,0.02999999999999997,0.24,0.5824843051802416,0.7600000000000002,0.0,0.0
29,75725724,Population equal mean,-0.0848502397585316,-0.0755877153632919,-0.08948150195615145,-0.013893786592859558,0.049999999999999996,0.04999999999999999,0.05,1.3877787807814457e-17,1.0,0.0,0.0,0.0,0.0
29,75725724,Population score weighted,-0.06520604044694972,-0.04329436629685647,-0.07616187752199637,-0.032867511225139895,0.049999999999999996,0.04999999999999999,0.05,1.3877787807814457e-17,1.0,0.0,0.0,0.0,0.0
29,75725724,Sortition,-0.8636342801597842,-0.844562556646486,-0.8731701419164333,-0.028607585269947222,0.047999999999999994,0.034,0.055,0.020999999999999998,0.1912,0.6359483662203282,0.8088000000000002,0.0,0.0
29,75725724,Sortition + deliberation,-0.7725608138377945,-0.7612518785377757,-0.7782152814878042,-0.016963402950028517,0.06400000000000002,0.06,0.066,0.006000000000000005,0.19019999999999995,0.6360981719702378,0.8098000000000001,0.0,0.0
29,75725724,Voter-aggregated election,-0.44970176035378434,-0.34931394825550044,-0.4998956664029264,-0.15058171814742594,0.36,0.32,0.38,0.06,0.07479999999999999,0.8102940384466845,0.9252000000000002,0.19168000000000002,0.4672
